global_idx,filename,crack_no,true_shape,raw_pred_shape,final_pred_shape,max_laplacian,gated,true_w,true_l,true_d,pred_w,pred_l,pred_d,err_w,err_l,err_d,Config_ID,Model,Protocol,fold_id
2,5khz_No10_1.csv,10,Step_T,Rectangular,Rectangular,0.18821397423744202,0,0.5,10.0,3.0,0.7338,9.634571,2.7203512,0.2338,0.36542892,0.27964878,Config_1_Full_Prep,CNN PINN (PI-LGL),Repeat Scan,
3,5khz_No1_1.csv,1,Rectangular,Rectangular,Rectangular,0.10083994269371033,0,0.7,10.0,1.0,0.6488821,10.191721,2.116128,0.051117897,0.19172096,1.116128,Config_1_Full_Prep,CNN PINN (PI-LGL),Repeat Scan,
5,5khz_No2_1.csv,2,Rectangular,Rectangular,Rectangular,0.17185215651988983,0,0.7,10.0,2.0,0.77488315,9.675625,2.1502914,0.07488316,0.32437515,0.15029144,Config_1_Full_Prep,CNN PINN (PI-LGL),Repeat Scan,
7,5khz_No3_1.csv,3,Rectangular,Rectangular,Rectangular,0.19899320602416992,0,0.7,10.0,3.0,0.7349095,9.633186,2.7704923,0.034909487,0.36681366,0.22950768,Config_1_Full_Prep,CNN PINN (PI-LGL),Repeat Scan,
9,5khz_No4_1.csv,4,Ellipse,Step_R,Ellipse,0.04997100308537483,1,0.7,10.0,3.0,0.76503557,11.266825,1.5983217,0.06503558,1.2668247,1.4016783,Config_1_Full_Prep,CNN PINN (PI-LGL),Repeat Scan,
11,5khz_No5_1.csv,5,Ellipse,Step_T,Ellipse,0.0698552131652832,1,0.9,10.0,3.0,0.7988089,11.051221,1.8799793,0.1011911,1.0512209,1.1200207,Config_1_Full_Prep,CNN PINN (PI-LGL),Repeat Scan,
13,5khz_No6_1.csv,6,Triangular,Triangular,Triangular,0.09605974704027176,0,0.7,10.0,1.0,0.6902625,10.147806,1.7143095,0.009737492,0.14780617,0.71430945,Config_1_Full_Prep,CNN PINN (PI-LGL),Repeat Scan,
15,5khz_No7_1.csv,7,Triangular,Triangular,Triangular,0.160342738032341,0,0.7,10.0,2.0,0.7262533,10.490855,2.1648784,0.026253283,0.49085522,0.16487837,Config_1_Full_Prep,CNN PINN (PI-LGL),Repeat Scan,
17,5khz_No8_1.csv,8,Triangular,Triangular,Triangular,0.15785276889801025,0,0.7,10.0,3.0,0.5908722,9.301676,2.3773634,0.10912776,0.6983242,0.62263656,Config_1_Full_Prep,CNN PINN (PI-LGL),Repeat Scan,
19,5khz_No9_1.csv,9,Step_R,Step_R,Step_R,0.20161467790603638,0,0.5,10.0,3.0,0.64328486,10.4259205,2.5795965,0.14328486,0.4259205,0.42040348,Config_1_Full_Prep,CNN PINN (PI-LGL),Repeat Scan,
0,5khz_No1.csv,1,Rectangular,Rectangular,Rectangular,0.10233806818723679,0,0.7,10.0,1.0,0.49560732,7.872892,2.6266427,0.20439267,2.127108,1.6266427,Config_1_Full_Prep,CNN PINN (PI-LGL),10-Fold LODO,1.0
3,5khz_No1_1.csv,1,Rectangular,Ellipse,Ellipse,0.10083994269371033,0,0.7,10.0,1.0,0.5501459,9.519058,1.965163,0.14985406,0.48094177,0.965163,Config_1_Full_Prep,CNN PINN (PI-LGL),10-Fold LODO,1.0
4,5khz_No2.csv,2,Rectangular,Step_R,Step_R,0.172148197889328,0,0.7,10.0,2.0,0.6140809,10.344774,2.4260798,0.08591908,0.34477425,0.42607975,Config_1_Full_Prep,CNN PINN (PI-LGL),10-Fold LODO,2.0
5,5khz_No2_1.csv,2,Rectangular,Rectangular,Rectangular,0.17185215651988983,0,0.7,10.0,2.0,0.6369157,10.205824,2.9314842,0.063084304,0.2058239,0.9314842,Config_1_Full_Prep,CNN PINN (PI-LGL),10-Fold LODO,2.0
6,5khz_No3_.csv,3,Rectangular,Rectangular,Rectangular,0.20607781410217285,0,0.7,10.0,3.0,0.55644214,10.249163,2.705638,0.14355785,0.24916267,0.29436207,Config_1_Full_Prep,CNN PINN (PI-LGL),10-Fold LODO,3.0
7,5khz_No3_1.csv,3,Rectangular,Rectangular,Rectangular,0.19899320602416992,0,0.7,10.0,3.0,0.7094503,10.310385,2.4923148,0.009450316,0.31038475,0.5076852,Config_1_Full_Prep,CNN PINN (PI-LGL),10-Fold LODO,3.0
8,5khz_No4.csv,4,Ellipse,Ellipse,Ellipse,0.0371365062892437,0,0.7,10.0,3.0,0.680218,12.9612255,0.27930522,0.019782007,2.9612255,2.7206948,Config_1_Full_Prep,CNN PINN (PI-LGL),10-Fold LODO,4.0
9,5khz_No4_1.csv,4,Ellipse,Ellipse,Ellipse,0.04997100308537483,0,0.7,10.0,3.0,0.7672777,10.212757,0.9116315,0.06727773,0.21275711,2.0883684,Config_1_Full_Prep,CNN PINN (PI-LGL),10-Fold LODO,4.0
10,5khz_No5.csv,5,Ellipse,Triangular,Triangular,0.06633023917675018,0,0.9,10.0,3.0,0.6037236,9.649078,2.4906683,0.2962764,0.35092163,0.5093317,Config_1_Full_Prep,CNN PINN (PI-LGL),10-Fold LODO,5.0
11,5khz_No5_1.csv,5,Ellipse,Triangular,Triangular,0.0698552131652832,0,0.9,10.0,3.0,0.7437522,10.024586,1.4990205,0.1562478,0.024585724,1.5009795,Config_1_Full_Prep,CNN PINN (PI-LGL),10-Fold LODO,5.0
12,5khz_No6.csv,6,Triangular,Triangular,Triangular,0.10187217593193054,0,0.7,10.0,1.0,0.42108822,10.242867,3.1254683,0.27891177,0.24286747,2.1254683,Config_1_Full_Prep,CNN PINN (PI-LGL),10-Fold LODO,6.0
13,5khz_No6_1.csv,6,Triangular,Triangular,Triangular,0.09605974704027176,0,0.7,10.0,1.0,0.6318892,10.284448,2.6497202,0.068110764,0.28444767,1.6497202,Config_1_Full_Prep,CNN PINN (PI-LGL),10-Fold LODO,6.0
14,5khz_No7.csv,7,Triangular,Triangular,Triangular,0.158502459526062,0,0.7,10.0,2.0,0.6290685,9.910327,2.557406,0.070931494,0.08967304,0.55740595,Config_1_Full_Prep,CNN PINN (PI-LGL),10-Fold LODO,7.0
15,5khz_No7_1.csv,7,Triangular,Step_T,Step_T,0.160342738032341,0,0.7,10.0,2.0,0.6457188,10.282365,2.565837,0.054281175,0.28236485,0.5658369,Config_1_Full_Prep,CNN PINN (PI-LGL),10-Fold LODO,7.0
16,5khz_No8.csv,8,Triangular,Triangular,Triangular,0.15310315787792206,0,0.7,10.0,3.0,0.65435696,9.8935585,2.5663142,0.04564303,0.1064415,0.43368578,Config_1_Full_Prep,CNN PINN (PI-LGL),10-Fold LODO,8.0
17,5khz_No8_1.csv,8,Triangular,Step_T,Step_T,0.15785276889801025,0,0.7,10.0,3.0,0.60373384,9.342157,2.2022946,0.09626615,0.65784264,0.7977054,Config_1_Full_Prep,CNN PINN (PI-LGL),10-Fold LODO,8.0
18,5khz_No9.csv,9,Step_R,Triangular,Triangular,0.20446956157684326,0,0.5,10.0,3.0,0.7128042,9.8699875,1.9732931,0.2128042,0.13001251,1.0267069,Config_1_Full_Prep,CNN PINN (PI-LGL),10-Fold LODO,9.0
19,5khz_No9_1.csv,9,Step_R,Triangular,Triangular,0.20161467790603638,0,0.5,10.0,3.0,0.77952236,9.95162,2.187433,0.27952236,0.048379898,0.812567,Config_1_Full_Prep,CNN PINN (PI-LGL),10-Fold LODO,9.0
1,5khz_No10.csv,10,Step_T,Rectangular,Rectangular,0.19624674320220947,0,0.5,10.0,3.0,0.7050736,10.315868,2.3832064,0.2050736,0.31586838,0.61679363,Config_1_Full_Prep,CNN PINN (PI-LGL),10-Fold LODO,10.0
2,5khz_No10_1.csv,10,Step_T,Rectangular,Rectangular,0.18821397423744202,0,0.5,10.0,3.0,0.7588017,10.223527,2.6936154,0.2588017,0.22352695,0.30638456,Config_1_Full_Prep,CNN PINN (PI-LGL),10-Fold LODO,10.0
2,5khz_No10_1.csv,10,Step_T,Step_T,Step_T,0.18821397423744202,0,0.5,10.0,3.0,0.5862452,8.560307,3.0355275,0.08624518,1.4396935,0.035527468,Config_1_Full_Prep,CNN Baseline (NoPINN),Repeat Scan,
3,5khz_No1_1.csv,1,Rectangular,Rectangular,Rectangular,0.10083994269371033,0,0.7,10.0,1.0,0.60867155,10.950026,1.1170189,0.09132844,0.95002556,0.11701894,Config_1_Full_Prep,CNN Baseline (NoPINN),Repeat Scan,
5,5khz_No2_1.csv,2,Rectangular,Rectangular,Rectangular,0.17185215651988983,0,0.7,10.0,2.0,0.64432836,8.7446575,2.451483,0.055671632,1.2553425,0.451483,Config_1_Full_Prep,CNN Baseline (NoPINN),Repeat Scan,
7,5khz_No3_1.csv,3,Rectangular,Rectangular,Rectangular,0.19899320602416992,0,0.7,10.0,3.0,0.6519535,8.990643,2.4921246,0.04804647,1.0093575,0.50787544,Config_1_Full_Prep,CNN Baseline (NoPINN),Repeat Scan,
9,5khz_No4_1.csv,4,Ellipse,Ellipse,Ellipse,0.04997100308537483,0,0.7,10.0,3.0,0.61692214,8.363321,2.0459828,0.08307785,1.6366787,0.95401716,Config_1_Full_Prep,CNN Baseline (NoPINN),Repeat Scan,
11,5khz_No5_1.csv,5,Ellipse,Ellipse,Ellipse,0.0698552131652832,0,0.9,10.0,3.0,0.71577966,7.920379,2.2478344,0.18422031,2.0796208,0.75216556,Config_1_Full_Prep,CNN Baseline (NoPINN),Repeat Scan,
13,5khz_No6_1.csv,6,Triangular,Triangular,Triangular,0.09605974704027176,0,0.7,10.0,1.0,0.74120075,9.01503,2.5118783,0.041200757,0.9849701,1.5118783,Config_1_Full_Prep,CNN Baseline (NoPINN),Repeat Scan,
15,5khz_No7_1.csv,7,Triangular,Triangular,Triangular,0.160342738032341,0,0.7,10.0,2.0,0.7292725,10.118941,2.4467373,0.029272497,0.11894131,0.4467373,Config_1_Full_Prep,CNN Baseline (NoPINN),Repeat Scan,
17,5khz_No8_1.csv,8,Triangular,Triangular,Triangular,0.15785276889801025,0,0.7,10.0,3.0,0.72028255,9.60392,2.7556193,0.020282567,0.39608002,0.24438071,Config_1_Full_Prep,CNN Baseline (NoPINN),Repeat Scan,
19,5khz_No9_1.csv,9,Step_R,Step_R,Step_R,0.20161467790603638,0,0.5,10.0,3.0,0.5441631,9.480254,2.6789708,0.044163108,0.5197458,0.3210292,Config_1_Full_Prep,CNN Baseline (NoPINN),Repeat Scan,
0,5khz_No1.csv,1,Rectangular,Rectangular,Rectangular,0.10233806818723679,0,0.7,10.0,1.0,0.4822641,7.8190575,1.5867387,0.21773589,2.1809425,0.5867387,Config_1_Full_Prep,CNN Baseline (NoPINN),10-Fold LODO,1.0
3,5khz_No1_1.csv,1,Rectangular,Rectangular,Rectangular,0.10083994269371033,0,0.7,10.0,1.0,0.42489624,7.2002993,1.697883,0.27510375,2.7997007,0.697883,Config_1_Full_Prep,CNN Baseline (NoPINN),10-Fold LODO,1.0
4,5khz_No2.csv,2,Rectangular,Rectangular,Rectangular,0.172148197889328,0,0.7,10.0,2.0,0.69935465,10.220636,2.7845125,0.0006453395,0.22063637,0.7845125,Config_1_Full_Prep,CNN Baseline (NoPINN),10-Fold LODO,2.0
5,5khz_No2_1.csv,2,Rectangular,Rectangular,Rectangular,0.17185215651988983,0,0.7,10.0,2.0,0.53514695,8.6420145,2.4792528,0.16485304,1.3579855,0.47925282,Config_1_Full_Prep,CNN Baseline (NoPINN),10-Fold LODO,2.0
6,5khz_No3_.csv,3,Rectangular,Triangular,Triangular,0.20607781410217285,0,0.7,10.0,3.0,0.57866645,8.425024,2.3125675,0.12133354,1.574976,0.6874325,Config_1_Full_Prep,CNN Baseline (NoPINN),10-Fold LODO,3.0
7,5khz_No3_1.csv,3,Rectangular,Triangular,Triangular,0.19899320602416992,0,0.7,10.0,3.0,0.6069135,9.110801,2.46873,0.09308648,0.88919926,0.53127,Config_1_Full_Prep,CNN Baseline (NoPINN),10-Fold LODO,3.0
8,5khz_No4.csv,4,Ellipse,Ellipse,Ellipse,0.0371365062892437,0,0.7,10.0,3.0,0.883963,9.013669,2.9373448,0.183963,0.986331,0.06265521,Config_1_Full_Prep,CNN Baseline (NoPINN),10-Fold LODO,4.0
9,5khz_No4_1.csv,4,Ellipse,Ellipse,Ellipse,0.04997100308537483,0,0.7,10.0,3.0,0.9050225,9.647065,2.7651715,0.20502251,0.35293484,0.23482847,Config_1_Full_Prep,CNN Baseline (NoPINN),10-Fold LODO,4.0
10,5khz_No5.csv,5,Ellipse,Triangular,Triangular,0.06633023917675018,0,0.9,10.0,3.0,0.71830726,9.502343,1.0209057,0.18169272,0.49765682,1.9790943,Config_1_Full_Prep,CNN Baseline (NoPINN),10-Fold LODO,5.0
11,5khz_No5_1.csv,5,Ellipse,Triangular,Triangular,0.0698552131652832,0,0.9,10.0,3.0,0.69412994,9.450982,1.1150298,0.20587003,0.5490179,1.8849702,Config_1_Full_Prep,CNN Baseline (NoPINN),10-Fold LODO,5.0
12,5khz_No6.csv,6,Triangular,Ellipse,Ellipse,0.10187217593193054,0,0.7,10.0,1.0,0.784933,9.974163,2.8614388,0.08493298,0.025836945,1.8614388,Config_1_Full_Prep,CNN Baseline (NoPINN),10-Fold LODO,6.0
13,5khz_No6_1.csv,6,Triangular,Triangular,Triangular,0.09605974704027176,0,0.7,10.0,1.0,0.7979495,9.806774,2.9920542,0.097949505,0.19322586,1.9920542,Config_1_Full_Prep,CNN Baseline (NoPINN),10-Fold LODO,6.0
14,5khz_No7.csv,7,Triangular,Triangular,Triangular,0.158502459526062,0,0.7,10.0,2.0,0.7729914,10.376337,2.5323021,0.07299143,0.37633705,0.53230214,Config_1_Full_Prep,CNN Baseline (NoPINN),10-Fold LODO,7.0
15,5khz_No7_1.csv,7,Triangular,Triangular,Triangular,0.160342738032341,0,0.7,10.0,2.0,0.74106205,10.206341,2.660922,0.041062057,0.20634079,0.66092205,Config_1_Full_Prep,CNN Baseline (NoPINN),10-Fold LODO,7.0
16,5khz_No8.csv,8,Triangular,Triangular,Triangular,0.15310315787792206,0,0.7,10.0,3.0,0.6278133,9.488743,1.6022633,0.07218671,0.5112572,1.3977367,Config_1_Full_Prep,CNN Baseline (NoPINN),10-Fold LODO,8.0
17,5khz_No8_1.csv,8,Triangular,Triangular,Triangular,0.15785276889801025,0,0.7,10.0,3.0,0.6318451,9.184162,1.4856135,0.06815487,0.81583786,1.5143865,Config_1_Full_Prep,CNN Baseline (NoPINN),10-Fold LODO,8.0
18,5khz_No9.csv,9,Step_R,Step_T,Step_T,0.20446956157684326,0,0.5,10.0,3.0,0.5956101,9.499114,2.3837981,0.09561008,0.50088596,0.6162019,Config_1_Full_Prep,CNN Baseline (NoPINN),10-Fold LODO,9.0
19,5khz_No9_1.csv,9,Step_R,Step_T,Step_T,0.20161467790603638,0,0.5,10.0,3.0,0.6102957,9.617194,2.5183048,0.11029571,0.38280582,0.48169518,Config_1_Full_Prep,CNN Baseline (NoPINN),10-Fold LODO,9.0
1,5khz_No10.csv,10,Step_T,Step_R,Step_R,0.19624674320220947,0,0.5,10.0,3.0,0.59768355,9.59155,2.753717,0.09768355,0.40845013,0.24628305,Config_1_Full_Prep,CNN Baseline (NoPINN),10-Fold LODO,10.0
2,5khz_No10_1.csv,10,Step_T,Rectangular,Rectangular,0.18821397423744202,0,0.5,10.0,3.0,0.6622333,9.408043,2.2250433,0.1622333,0.5919571,0.7749567,Config_1_Full_Prep,CNN Baseline (NoPINN),10-Fold LODO,10.0
2,5khz_No10_1.csv,10,Step_T,Rectangular,Rectangular,0.18821397423744202,0,0.5,10.0,3.0,0.74722576,10.146801,2.6729298,0.24722576,0.146801,0.32707024,Config_2_No_Nulling,CNN PINN (PI-LGL),Repeat Scan,
3,5khz_No1_1.csv,1,Rectangular,Rectangular,Rectangular,0.10083994269371033,0,0.7,10.0,1.0,0.6304867,9.86932,2.3256233,0.06951326,0.13068008,1.3256233,Config_2_No_Nulling,CNN PINN (PI-LGL),Repeat Scan,
5,5khz_No2_1.csv,2,Rectangular,Rectangular,Rectangular,0.17185215651988983,0,0.7,10.0,2.0,0.8419227,9.713618,2.2893066,0.14192271,0.28638172,0.28930664,Config_2_No_Nulling,CNN PINN (PI-LGL),Repeat Scan,
7,5khz_No3_1.csv,3,Rectangular,Rectangular,Rectangular,0.19899320602416992,0,0.7,10.0,3.0,0.7656707,9.804328,2.4939342,0.06567073,0.19567204,0.50606585,Config_2_No_Nulling,CNN PINN (PI-LGL),Repeat Scan,
9,5khz_No4_1.csv,4,Ellipse,Step_R,Ellipse,0.04997100681066513,1,0.7,10.0,3.0,0.75548387,10.56237,1.4834862,0.055483878,0.5623703,1.5165138,Config_2_No_Nulling,CNN PINN (PI-LGL),Repeat Scan,
11,5khz_No5_1.csv,5,Ellipse,Step_T,Ellipse,0.0698552206158638,1,0.9,10.0,3.0,0.7859571,10.117006,1.6671829,0.11404288,0.1170063,1.3328171,Config_2_No_Nulling,CNN PINN (PI-LGL),Repeat Scan,
13,5khz_No6_1.csv,6,Triangular,Triangular,Triangular,0.09605974704027176,0,0.7,10.0,1.0,0.6654908,10.0774,1.7270426,0.034509182,0.07740021,0.72704256,Config_2_No_Nulling,CNN PINN (PI-LGL),Repeat Scan,
15,5khz_No7_1.csv,7,Triangular,Triangular,Triangular,0.160342738032341,0,0.7,10.0,2.0,0.7110039,10.499138,2.2340655,0.0110039115,0.49913788,0.23406553,Config_2_No_Nulling,CNN PINN (PI-LGL),Repeat Scan,
17,5khz_No8_1.csv,8,Triangular,Triangular,Triangular,0.15785276889801025,0,0.7,10.0,3.0,0.5795681,9.356913,2.334292,0.1204319,0.6430874,0.66570807,Config_2_No_Nulling,CNN PINN (PI-LGL),Repeat Scan,
19,5khz_No9_1.csv,9,Step_R,Step_R,Step_R,0.20161466300487518,0,0.5,10.0,3.0,0.63523453,10.513396,2.6145463,0.13523453,0.51339626,0.3854537,Config_2_No_Nulling,CNN PINN (PI-LGL),Repeat Scan,
0,5khz_No1.csv,1,Rectangular,Rectangular,Rectangular,0.10233807563781738,0,0.7,10.0,1.0,0.44781458,9.837179,1.7562342,0.2521854,0.16282082,0.75623417,Config_2_No_Nulling,CNN PINN (PI-LGL),10-Fold LODO,1.0
3,5khz_No1_1.csv,1,Rectangular,Ellipse,Ellipse,0.10083994269371033,0,0.7,10.0,1.0,0.5900803,9.928098,2.105041,0.10991967,0.071902275,1.105041,Config_2_No_Nulling,CNN PINN (PI-LGL),10-Fold LODO,1.0
4,5khz_No2.csv,2,Rectangular,Step_R,Step_R,0.172148197889328,0,0.7,10.0,2.0,0.620644,10.521345,2.194223,0.079356015,0.52134514,0.19422293,Config_2_No_Nulling,CNN PINN (PI-LGL),10-Fold LODO,2.0
5,5khz_No2_1.csv,2,Rectangular,Rectangular,Rectangular,0.17185215651988983,0,0.7,10.0,2.0,0.7264401,10.032299,2.8238816,0.026440084,0.03229904,0.8238816,Config_2_No_Nulling,CNN PINN (PI-LGL),10-Fold LODO,2.0
6,5khz_No3_.csv,3,Rectangular,Rectangular,Rectangular,0.20607784390449524,0,0.7,10.0,3.0,0.53226244,10.164616,2.7764819,0.16773754,0.16461563,0.22351813,Config_2_No_Nulling,CNN PINN (PI-LGL),10-Fold LODO,3.0
7,5khz_No3_1.csv,3,Rectangular,Rectangular,Rectangular,0.19899320602416992,0,0.7,10.0,3.0,0.63787127,10.236665,2.4841046,0.062128723,0.23666477,0.51589537,Config_2_No_Nulling,CNN PINN (PI-LGL),10-Fold LODO,3.0
8,5khz_No4.csv,4,Ellipse,Ellipse,Ellipse,0.0371364988386631,0,0.7,10.0,3.0,0.74378324,14.201052,-0.10967016,0.043783247,4.2010517,3.1096702,Config_2_No_Nulling,CNN PINN (PI-LGL),10-Fold LODO,4.0
9,5khz_No4_1.csv,4,Ellipse,Ellipse,Ellipse,0.04997100681066513,0,0.7,10.0,3.0,0.81580555,11.321669,1.3115453,0.11580557,1.3216686,1.6884547,Config_2_No_Nulling,CNN PINN (PI-LGL),10-Fold LODO,4.0
10,5khz_No5.csv,5,Ellipse,Triangular,Triangular,0.06633023917675018,0,0.9,10.0,3.0,0.57263285,9.477668,2.3832884,0.32736713,0.5223322,0.6167116,Config_2_No_Nulling,CNN PINN (PI-LGL),10-Fold LODO,5.0
11,5khz_No5_1.csv,5,Ellipse,Triangular,Triangular,0.0698552206158638,0,0.9,10.0,3.0,0.7901085,9.748699,1.4414623,0.109891474,0.2513008,1.5585377,Config_2_No_Nulling,CNN PINN (PI-LGL),10-Fold LODO,5.0
12,5khz_No6.csv,6,Triangular,Triangular,Triangular,0.10187217593193054,0,0.7,10.0,1.0,0.52168274,9.990931,3.2869039,0.17831725,0.009069443,2.2869039,Config_2_No_Nulling,CNN PINN (PI-LGL),10-Fold LODO,6.0
13,5khz_No6_1.csv,6,Triangular,Triangular,Triangular,0.09605974704027176,0,0.7,10.0,1.0,0.6901927,10.143063,2.7783852,0.009807289,0.14306259,1.7783852,Config_2_No_Nulling,CNN PINN (PI-LGL),10-Fold LODO,6.0
14,5khz_No7.csv,7,Triangular,Triangular,Triangular,0.1585024744272232,0,0.7,10.0,2.0,0.680722,10.147237,2.3968453,0.01927799,0.14723682,0.39684534,Config_2_No_Nulling,CNN PINN (PI-LGL),10-Fold LODO,7.0
15,5khz_No7_1.csv,7,Triangular,Triangular,Triangular,0.160342738032341,0,0.7,10.0,2.0,0.6771494,10.591082,2.4615946,0.022850573,0.5910816,0.46159458,Config_2_No_Nulling,CNN PINN (PI-LGL),10-Fold LODO,7.0
16,5khz_No8.csv,8,Triangular,Triangular,Triangular,0.15310314297676086,0,0.7,10.0,3.0,0.6391383,9.815627,2.5147495,0.060861707,0.1843729,0.48525047,Config_2_No_Nulling,CNN PINN (PI-LGL),10-Fold LODO,8.0
17,5khz_No8_1.csv,8,Triangular,Step_T,Step_T,0.15785276889801025,0,0.7,10.0,3.0,0.58951694,8.753933,2.3816943,0.11048305,1.246067,0.6183057,Config_2_No_Nulling,CNN PINN (PI-LGL),10-Fold LODO,8.0
18,5khz_No9.csv,9,Step_R,Triangular,Triangular,0.20446956157684326,0,0.5,10.0,3.0,0.6810727,9.93209,1.9596183,0.18107271,0.067910194,1.0403817,Config_2_No_Nulling,CNN PINN (PI-LGL),10-Fold LODO,9.0
19,5khz_No9_1.csv,9,Step_R,Triangular,Triangular,0.20161466300487518,0,0.5,10.0,3.0,0.7412529,10.320443,2.1212006,0.2412529,0.32044315,0.87879944,Config_2_No_Nulling,CNN PINN (PI-LGL),10-Fold LODO,9.0
1,5khz_No10.csv,10,Step_T,Rectangular,Rectangular,0.19624674320220947,0,0.5,10.0,3.0,0.7332138,10.162183,2.4426255,0.23321378,0.16218281,0.5573745,Config_2_No_Nulling,CNN PINN (PI-LGL),10-Fold LODO,10.0
2,5khz_No10_1.csv,10,Step_T,Rectangular,Rectangular,0.18821397423744202,0,0.5,10.0,3.0,0.77356535,10.25023,2.818237,0.27356535,0.25022984,0.18176293,Config_2_No_Nulling,CNN PINN (PI-LGL),10-Fold LODO,10.0
2,5khz_No10_1.csv,10,Step_T,Step_T,Step_T,0.18821397423744202,0,0.5,10.0,3.0,0.56135255,9.543102,2.764131,0.06135255,0.45689774,0.23586893,Config_2_No_Nulling,CNN Baseline (NoPINN),Repeat Scan,
3,5khz_No1_1.csv,1,Rectangular,Rectangular,Rectangular,0.10083994269371033,0,0.7,10.0,1.0,0.5813956,8.320646,0.7964178,0.11860436,1.6793537,0.20358223,Config_2_No_Nulling,CNN Baseline (NoPINN),Repeat Scan,
5,5khz_No2_1.csv,2,Rectangular,Rectangular,Rectangular,0.17185215651988983,0,0.7,10.0,2.0,0.6335325,9.306355,2.0010037,0.066467464,0.6936445,0.0010037422,Config_2_No_Nulling,CNN Baseline (NoPINN),Repeat Scan,
7,5khz_No3_1.csv,3,Rectangular,Rectangular,Rectangular,0.19899320602416992,0,0.7,10.0,3.0,0.63940704,9.455435,2.5022793,0.06059295,0.5445652,0.49772072,Config_2_No_Nulling,CNN Baseline (NoPINN),Repeat Scan,
9,5khz_No4_1.csv,4,Ellipse,Ellipse,Ellipse,0.04997100681066513,0,0.7,10.0,3.0,0.6049634,6.761447,1.9356154,0.095036566,3.238553,1.0643846,Config_2_No_Nulling,CNN Baseline (NoPINN),Repeat Scan,
11,5khz_No5_1.csv,5,Ellipse,Ellipse,Ellipse,0.0698552206158638,0,0.9,10.0,3.0,0.7943268,8.13409,2.1735158,0.105673194,1.8659096,0.8264842,Config_2_No_Nulling,CNN Baseline (NoPINN),Repeat Scan,
13,5khz_No6_1.csv,6,Triangular,Triangular,Triangular,0.09605974704027176,0,0.7,10.0,1.0,0.7790934,8.781573,2.2546663,0.0790934,1.2184267,1.2546663,Config_2_No_Nulling,CNN Baseline (NoPINN),Repeat Scan,
15,5khz_No7_1.csv,7,Triangular,Triangular,Triangular,0.160342738032341,0,0.7,10.0,2.0,0.68677735,9.149716,2.074544,0.013222635,0.8502836,0.07454395,Config_2_No_Nulling,CNN Baseline (NoPINN),Repeat Scan,
17,5khz_No8_1.csv,8,Triangular,Triangular,Triangular,0.15785276889801025,0,0.7,10.0,3.0,0.7801031,9.601518,2.6915724,0.0801031,0.39848232,0.30842757,Config_2_No_Nulling,CNN Baseline (NoPINN),Repeat Scan,
19,5khz_No9_1.csv,9,Step_R,Step_R,Step_R,0.20161466300487518,0,0.5,10.0,3.0,0.61469406,10.408627,2.858409,0.11469406,0.40862656,0.14159107,Config_2_No_Nulling,CNN Baseline (NoPINN),Repeat Scan,
0,5khz_No1.csv,1,Rectangular,Rectangular,Rectangular,0.10233807563781738,0,0.7,10.0,1.0,0.512099,5.4104958,1.480735,0.18790096,4.5895042,0.48073494,Config_2_No_Nulling,CNN Baseline (NoPINN),10-Fold LODO,1.0
3,5khz_No1_1.csv,1,Rectangular,Rectangular,Rectangular,0.10083994269371033,0,0.7,10.0,1.0,0.5455649,5.581832,1.4525979,0.1544351,4.418168,0.45259786,Config_2_No_Nulling,CNN Baseline (NoPINN),10-Fold LODO,1.0
4,5khz_No2.csv,2,Rectangular,Rectangular,Rectangular,0.172148197889328,0,0.7,10.0,2.0,0.7530797,10.006743,2.7711816,0.053079724,0.006743431,0.7711816,Config_2_No_Nulling,CNN Baseline (NoPINN),10-Fold LODO,2.0
5,5khz_No2_1.csv,2,Rectangular,Rectangular,Rectangular,0.17185215651988983,0,0.7,10.0,2.0,0.64796317,9.443976,2.5882678,0.05203682,0.5560236,0.5882678,Config_2_No_Nulling,CNN Baseline (NoPINN),10-Fold LODO,2.0
6,5khz_No3_.csv,3,Rectangular,Triangular,Triangular,0.20607784390449524,0,0.7,10.0,3.0,0.6152732,8.903556,2.4032938,0.08472681,1.0964441,0.59670615,Config_2_No_Nulling,CNN Baseline (NoPINN),10-Fold LODO,3.0
7,5khz_No3_1.csv,3,Rectangular,Triangular,Triangular,0.19899320602416992,0,0.7,10.0,3.0,0.59386003,8.884108,2.462869,0.10613996,1.1158924,0.5371311,Config_2_No_Nulling,CNN Baseline (NoPINN),10-Fold LODO,3.0
8,5khz_No4.csv,4,Ellipse,Ellipse,Ellipse,0.0371364988386631,0,0.7,10.0,3.0,1.0531088,12.467524,3.8100107,0.35310882,2.4675236,0.8100107,Config_2_No_Nulling,CNN Baseline (NoPINN),10-Fold LODO,4.0
9,5khz_No4_1.csv,4,Ellipse,Ellipse,Ellipse,0.04997100681066513,0,0.7,10.0,3.0,1.0144838,11.39076,3.5914521,0.31448382,1.3907604,0.5914521,Config_2_No_Nulling,CNN Baseline (NoPINN),10-Fold LODO,4.0
10,5khz_No5.csv,5,Ellipse,Triangular,Triangular,0.06633023917675018,0,0.9,10.0,3.0,0.6442572,8.7360115,1.364754,0.2557428,1.2639885,1.635246,Config_2_No_Nulling,CNN Baseline (NoPINN),10-Fold LODO,5.0
11,5khz_No5_1.csv,5,Ellipse,Triangular,Triangular,0.0698552206158638,0,0.9,10.0,3.0,0.6417458,9.003273,1.579511,0.25825417,0.996727,1.420489,Config_2_No_Nulling,CNN Baseline (NoPINN),10-Fold LODO,5.0
12,5khz_No6.csv,6,Triangular,Ellipse,Ellipse,0.10187217593193054,0,0.7,10.0,1.0,0.8415673,9.779646,2.8838415,0.14156729,0.22035408,1.8838415,Config_2_No_Nulling,CNN Baseline (NoPINN),10-Fold LODO,6.0
13,5khz_No6_1.csv,6,Triangular,Triangular,Triangular,0.09605974704027176,0,0.7,10.0,1.0,0.78575975,9.335487,2.9087815,0.08575976,0.66451263,1.9087815,Config_2_No_Nulling,CNN Baseline (NoPINN),10-Fold LODO,6.0
14,5khz_No7.csv,7,Triangular,Triangular,Triangular,0.1585024744272232,0,0.7,10.0,2.0,0.6401092,9.4884,2.3935738,0.059890807,0.51159954,0.39357376,Config_2_No_Nulling,CNN Baseline (NoPINN),10-Fold LODO,7.0
15,5khz_No7_1.csv,7,Triangular,Triangular,Triangular,0.160342738032341,0,0.7,10.0,2.0,0.64517343,9.826369,2.1829138,0.054826558,0.17363071,0.18291378,Config_2_No_Nulling,CNN Baseline (NoPINN),10-Fold LODO,7.0
16,5khz_No8.csv,8,Triangular,Triangular,Triangular,0.15310314297676086,0,0.7,10.0,3.0,0.69090414,10.267326,1.7910715,0.009095848,0.26732635,1.2089285,Config_2_No_Nulling,CNN Baseline (NoPINN),10-Fold LODO,8.0
17,5khz_No8_1.csv,8,Triangular,Triangular,Triangular,0.15785276889801025,0,0.7,10.0,3.0,0.69030476,10.211956,1.7060441,0.009695232,0.21195602,1.2939559,Config_2_No_Nulling,CNN Baseline (NoPINN),10-Fold LODO,8.0
18,5khz_No9.csv,9,Step_R,Step_T,Step_T,0.20446956157684326,0,0.5,10.0,3.0,0.54717183,9.577911,2.3833027,0.04717183,0.42208862,0.6166973,Config_2_No_Nulling,CNN Baseline (NoPINN),10-Fold LODO,9.0
19,5khz_No9_1.csv,9,Step_R,Step_T,Step_T,0.20161466300487518,0,0.5,10.0,3.0,0.54951525,9.609295,2.510244,0.049515247,0.3907051,0.4897561,Config_2_No_Nulling,CNN Baseline (NoPINN),10-Fold LODO,9.0
1,5khz_No10.csv,10,Step_T,Step_R,Step_R,0.19624674320220947,0,0.5,10.0,3.0,0.5894705,10.201625,2.689173,0.089470506,0.20162487,0.31082702,Config_2_No_Nulling,CNN Baseline (NoPINN),10-Fold LODO,10.0
2,5khz_No10_1.csv,10,Step_T,Rectangular,Rectangular,0.18821397423744202,0,0.5,10.0,3.0,0.6170674,9.229319,2.362718,0.1170674,0.7706814,0.6372819,Config_2_No_Nulling,CNN Baseline (NoPINN),10-Fold LODO,10.0
2,5khz_No10_1.csv,10,Step_T,Rectangular,Rectangular,0.24815000593662262,0,0.5,10.0,3.0,0.7220556,9.727426,2.5301194,0.22205561,0.27257442,0.46988058,Config_3_No_Smoothing,CNN PINN (PI-LGL),Repeat Scan,
3,5khz_No1_1.csv,1,Rectangular,Rectangular,Rectangular,0.13285000622272491,0,0.7,10.0,1.0,0.672967,10.144882,2.5543327,0.027032971,0.1448822,1.5543327,Config_3_No_Smoothing,CNN PINN (PI-LGL),Repeat Scan,
5,5khz_No2_1.csv,2,Rectangular,Rectangular,Rectangular,0.2146500051021576,0,0.7,10.0,2.0,0.84699655,9.047052,2.1976051,0.14699656,0.9529476,0.19760513,Config_3_No_Smoothing,CNN PINN (PI-LGL),Repeat Scan,
7,5khz_No3_1.csv,3,Rectangular,Rectangular,Rectangular,0.2453249990940094,0,0.7,10.0,3.0,0.7400724,9.660951,2.87743,0.04007244,0.33904934,0.12257004,Config_3_No_Smoothing,CNN PINN (PI-LGL),Repeat Scan,
9,5khz_No4_1.csv,4,Ellipse,Step_T,Ellipse,0.06577499955892563,1,0.7,10.0,3.0,0.7946379,10.468341,1.8178636,0.09463793,0.46834087,1.1821364,Config_3_No_Smoothing,CNN PINN (PI-LGL),Repeat Scan,
11,5khz_No5_1.csv,5,Ellipse,Step_T,Ellipse,0.08497500419616699,1,0.9,10.0,3.0,0.8417108,9.607241,1.7771444,0.05828917,0.39275932,1.2228556,Config_3_No_Smoothing,CNN PINN (PI-LGL),Repeat Scan,
13,5khz_No6_1.csv,6,Triangular,Triangular,Triangular,0.12030000984668732,0,0.7,10.0,1.0,0.6657747,10.459721,1.7280124,0.034225285,0.4597206,0.72801244,Config_3_No_Smoothing,CNN PINN (PI-LGL),Repeat Scan,
15,5khz_No7_1.csv,7,Triangular,Triangular,Triangular,0.19967499375343323,0,0.7,10.0,2.0,0.6653194,10.265236,1.9199595,0.034680605,0.2652359,0.080040455,Config_3_No_Smoothing,CNN PINN (PI-LGL),Repeat Scan,
17,5khz_No8_1.csv,8,Triangular,Step_T,Step_T,0.19724999368190765,0,0.7,10.0,3.0,0.5901113,9.662945,2.3356729,0.10988867,0.3370552,0.66432714,Config_3_No_Smoothing,CNN PINN (PI-LGL),Repeat Scan,
19,5khz_No9_1.csv,9,Step_R,Step_R,Step_R,0.25714999437332153,0,0.5,10.0,3.0,0.6264219,10.339462,2.1890435,0.12642193,0.33946228,0.8109565,Config_3_No_Smoothing,CNN PINN (PI-LGL),Repeat Scan,
0,5khz_No1.csv,1,Rectangular,Ellipse,Ellipse,0.13564997911453247,0,0.7,10.0,1.0,0.3276003,7.882486,2.7205157,0.3723997,2.1175141,1.7205157,Config_3_No_Smoothing,CNN PINN (PI-LGL),10-Fold LODO,1.0
3,5khz_No1_1.csv,1,Rectangular,Ellipse,Ellipse,0.13285000622272491,0,0.7,10.0,1.0,0.5286197,10.182729,2.2309206,0.17138028,0.18272877,1.2309206,Config_3_No_Smoothing,CNN PINN (PI-LGL),10-Fold LODO,1.0
4,5khz_No2.csv,2,Rectangular,Step_R,Step_R,0.22762499749660492,0,0.7,10.0,2.0,0.55091965,10.007156,2.5307832,0.14908034,0.007156372,0.5307832,Config_3_No_Smoothing,CNN PINN (PI-LGL),10-Fold LODO,2.0
5,5khz_No2_1.csv,2,Rectangular,Rectangular,Rectangular,0.2146500051021576,0,0.7,10.0,2.0,0.7260461,9.625182,2.7976055,0.026046097,0.37481785,0.7976055,Config_3_No_Smoothing,CNN PINN (PI-LGL),10-Fold LODO,2.0
6,5khz_No3_.csv,3,Rectangular,Rectangular,Rectangular,0.2547000050544739,0,0.7,10.0,3.0,0.51778436,9.643814,2.9584723,0.18221563,0.3561859,0.041527748,Config_3_No_Smoothing,CNN PINN (PI-LGL),10-Fold LODO,3.0
7,5khz_No3_1.csv,3,Rectangular,Rectangular,Rectangular,0.2453249990940094,0,0.7,10.0,3.0,0.654934,9.624372,2.5711083,0.045066,0.37562847,0.42889166,Config_3_No_Smoothing,CNN PINN (PI-LGL),10-Fold LODO,3.0
8,5khz_No4.csv,4,Ellipse,Ellipse,Ellipse,0.04420000687241554,0,0.7,10.0,3.0,0.80727696,10.054746,0.2591494,0.107276976,0.054745674,2.7408507,Config_3_No_Smoothing,CNN PINN (PI-LGL),10-Fold LODO,4.0
9,5khz_No4_1.csv,4,Ellipse,Ellipse,Ellipse,0.06577499955892563,0,0.7,10.0,3.0,0.82774055,9.928535,1.6401529,0.12774056,0.07146454,1.3598471,Config_3_No_Smoothing,CNN PINN (PI-LGL),10-Fold LODO,4.0
10,5khz_No5.csv,5,Ellipse,Ellipse,Ellipse,0.0777750015258789,0,0.9,10.0,3.0,0.625472,10.092926,2.5508347,0.27452797,0.092926025,0.44916534,Config_3_No_Smoothing,CNN PINN (PI-LGL),10-Fold LODO,5.0
11,5khz_No5_1.csv,5,Ellipse,Step_T,Ellipse,0.08497500419616699,1,0.9,10.0,3.0,0.74852496,9.661283,1.5621552,0.15147501,0.33871746,1.4378448,Config_3_No_Smoothing,CNN PINN (PI-LGL),10-Fold LODO,5.0
12,5khz_No6.csv,6,Triangular,Triangular,Triangular,0.12152498960494995,0,0.7,10.0,1.0,0.5688019,10.75614,3.5237527,0.13119811,0.75613976,2.5237527,Config_3_No_Smoothing,CNN PINN (PI-LGL),10-Fold LODO,6.0
13,5khz_No6_1.csv,6,Triangular,Triangular,Triangular,0.12030000984668732,0,0.7,10.0,1.0,0.6164822,10.496675,2.9383936,0.08351779,0.49667454,1.9383936,Config_3_No_Smoothing,CNN PINN (PI-LGL),10-Fold LODO,6.0
14,5khz_No7.csv,7,Triangular,Step_R,Step_R,0.1968499720096588,0,0.7,10.0,2.0,0.6198038,9.787034,2.4754913,0.0801962,0.21296597,0.4754913,Config_3_No_Smoothing,CNN PINN (PI-LGL),10-Fold LODO,7.0
15,5khz_No7_1.csv,7,Triangular,Step_T,Step_T,0.19967499375343323,0,0.7,10.0,2.0,0.6305028,10.024153,2.2077394,0.06949717,0.024152756,0.20773935,Config_3_No_Smoothing,CNN PINN (PI-LGL),10-Fold LODO,7.0
16,5khz_No8.csv,8,Triangular,Triangular,Triangular,0.18790000677108765,0,0.7,10.0,3.0,0.62203336,9.795772,2.3468683,0.07796663,0.2042284,0.6531317,Config_3_No_Smoothing,CNN PINN (PI-LGL),10-Fold LODO,8.0
17,5khz_No8_1.csv,8,Triangular,Step_T,Step_T,0.19724999368190765,0,0.7,10.0,3.0,0.5644973,9.738064,2.4024975,0.1355027,0.2619362,0.59750247,Config_3_No_Smoothing,CNN PINN (PI-LGL),10-Fold LODO,8.0
18,5khz_No9.csv,9,Step_R,Triangular,Triangular,0.2642750144004822,0,0.5,10.0,3.0,0.6815596,9.6707325,2.198698,0.18155962,0.3292675,0.80130196,Config_3_No_Smoothing,CNN PINN (PI-LGL),10-Fold LODO,9.0
19,5khz_No9_1.csv,9,Step_R,Triangular,Triangular,0.25714999437332153,0,0.5,10.0,3.0,0.77709836,9.695059,2.084734,0.27709836,0.30494118,0.91526604,Config_3_No_Smoothing,CNN PINN (PI-LGL),10-Fold LODO,9.0
1,5khz_No10.csv,10,Step_T,Rectangular,Rectangular,0.24762499332427979,0,0.5,10.0,3.0,0.75548804,10.104251,2.3275127,0.25548804,0.10425091,0.67248726,Config_3_No_Smoothing,CNN PINN (PI-LGL),10-Fold LODO,10.0
2,5khz_No10_1.csv,10,Step_T,Rectangular,Rectangular,0.24815000593662262,0,0.5,10.0,3.0,0.765645,10.190688,2.6356452,0.26564503,0.19068813,0.36435485,Config_3_No_Smoothing,CNN PINN (PI-LGL),10-Fold LODO,10.0
2,5khz_No10_1.csv,10,Step_T,Rectangular,Rectangular,0.24815000593662262,0,0.5,10.0,3.0,0.40402624,7.060256,2.262222,0.09597376,2.939744,0.73777795,Config_3_No_Smoothing,CNN Baseline (NoPINN),Repeat Scan,
3,5khz_No1_1.csv,1,Rectangular,Rectangular,Rectangular,0.13285000622272491,0,0.7,10.0,1.0,0.6550001,9.759184,0.966855,0.044999897,0.24081612,0.03314501,Config_3_No_Smoothing,CNN Baseline (NoPINN),Repeat Scan,
5,5khz_No2_1.csv,2,Rectangular,Rectangular,Rectangular,0.2146500051021576,0,0.7,10.0,2.0,0.52556,7.2933455,1.9701245,0.17443997,2.7066545,0.029875517,Config_3_No_Smoothing,CNN Baseline (NoPINN),Repeat Scan,
7,5khz_No3_1.csv,3,Rectangular,Rectangular,Rectangular,0.2453249990940094,0,0.7,10.0,3.0,0.596424,8.954267,2.400876,0.103576005,1.0457335,0.59912395,Config_3_No_Smoothing,CNN Baseline (NoPINN),Repeat Scan,
9,5khz_No4_1.csv,4,Ellipse,Ellipse,Ellipse,0.06577499955892563,0,0.7,10.0,3.0,0.70635223,8.343211,2.3205423,0.006352246,1.6567888,0.67945766,Config_3_No_Smoothing,CNN Baseline (NoPINN),Repeat Scan,
11,5khz_No5_1.csv,5,Ellipse,Ellipse,Ellipse,0.08497500419616699,0,0.9,10.0,3.0,0.85901535,9.677842,2.424539,0.04098463,0.32215786,0.5754609,Config_3_No_Smoothing,CNN Baseline (NoPINN),Repeat Scan,
13,5khz_No6_1.csv,6,Triangular,Triangular,Triangular,0.12030000984668732,0,0.7,10.0,1.0,0.7822758,9.646344,2.6413906,0.08227581,0.35365582,1.6413906,Config_3_No_Smoothing,CNN Baseline (NoPINN),Repeat Scan,
15,5khz_No7_1.csv,7,Triangular,Triangular,Triangular,0.19967499375343323,0,0.7,10.0,2.0,0.6711161,9.508943,2.5812988,0.028883874,0.4910574,0.5812988,Config_3_No_Smoothing,CNN Baseline (NoPINN),Repeat Scan,
17,5khz_No8_1.csv,8,Triangular,Triangular,Triangular,0.19724999368190765,0,0.7,10.0,3.0,0.6993162,9.473792,2.6411018,0.0006837845,0.5262079,0.35889816,Config_3_No_Smoothing,CNN Baseline (NoPINN),Repeat Scan,
19,5khz_No9_1.csv,9,Step_R,Step_R,Step_R,0.25714999437332153,0,0.5,10.0,3.0,0.4615237,9.5407295,2.8030224,0.03847629,0.45927048,0.19697762,Config_3_No_Smoothing,CNN Baseline (NoPINN),Repeat Scan,
0,5khz_No1.csv,1,Rectangular,Rectangular,Rectangular,0.13564997911453247,0,0.7,10.0,1.0,0.3045696,8.053057,1.4677571,0.3954304,1.9469433,0.4677571,Config_3_No_Smoothing,CNN Baseline (NoPINN),10-Fold LODO,1.0
3,5khz_No1_1.csv,1,Rectangular,Rectangular,Rectangular,0.13285000622272491,0,0.7,10.0,1.0,0.2381173,8.033169,1.4545629,0.46188268,1.9668312,0.4545629,Config_3_No_Smoothing,CNN Baseline (NoPINN),10-Fold LODO,1.0
4,5khz_No2.csv,2,Rectangular,Rectangular,Rectangular,0.22762499749660492,0,0.7,10.0,2.0,0.727545,9.741762,2.6588917,0.027545035,0.25823784,0.6588917,Config_3_No_Smoothing,CNN Baseline (NoPINN),10-Fold LODO,2.0
5,5khz_No2_1.csv,2,Rectangular,Rectangular,Rectangular,0.2146500051021576,0,0.7,10.0,2.0,0.63844866,9.215519,2.9013588,0.061551332,0.78448105,0.90135884,Config_3_No_Smoothing,CNN Baseline (NoPINN),10-Fold LODO,2.0
6,5khz_No3_.csv,3,Rectangular,Triangular,Triangular,0.2547000050544739,0,0.7,10.0,3.0,0.5984697,9.040997,2.4819412,0.10153031,0.95900345,0.5180588,Config_3_No_Smoothing,CNN Baseline (NoPINN),10-Fold LODO,3.0
7,5khz_No3_1.csv,3,Rectangular,Triangular,Triangular,0.2453249990940094,0,0.7,10.0,3.0,0.63577104,9.221558,2.602712,0.06422895,0.7784424,0.39728808,Config_3_No_Smoothing,CNN Baseline (NoPINN),10-Fold LODO,3.0
8,5khz_No4.csv,4,Ellipse,Ellipse,Ellipse,0.04420000687241554,0,0.7,10.0,3.0,1.1258936,9.431031,4.201366,0.4258936,0.5689688,1.201366,Config_3_No_Smoothing,CNN Baseline (NoPINN),10-Fold LODO,4.0
9,5khz_No4_1.csv,4,Ellipse,Ellipse,Ellipse,0.06577499955892563,0,0.7,10.0,3.0,1.1104915,10.668303,3.689636,0.41049153,0.66830254,0.689636,Config_3_No_Smoothing,CNN Baseline (NoPINN),10-Fold LODO,4.0
10,5khz_No5.csv,5,Ellipse,Triangular,Triangular,0.0777750015258789,0,0.9,10.0,3.0,0.56673586,9.382663,1.3046944,0.3332641,0.6173372,1.6953056,Config_3_No_Smoothing,CNN Baseline (NoPINN),10-Fold LODO,5.0
11,5khz_No5_1.csv,5,Ellipse,Triangular,Triangular,0.08497500419616699,0,0.9,10.0,3.0,0.543452,8.73962,1.639087,0.35654795,1.2603798,1.360913,Config_3_No_Smoothing,CNN Baseline (NoPINN),10-Fold LODO,5.0
12,5khz_No6.csv,6,Triangular,Ellipse,Ellipse,0.12152498960494995,0,0.7,10.0,1.0,0.86745906,10.174807,2.7189066,0.16745907,0.1748066,1.7189066,Config_3_No_Smoothing,CNN Baseline (NoPINN),10-Fold LODO,6.0
13,5khz_No6_1.csv,6,Triangular,Triangular,Triangular,0.12030000984668732,0,0.7,10.0,1.0,0.82258046,10.217125,2.9214141,0.12258047,0.21712494,1.9214141,Config_3_No_Smoothing,CNN Baseline (NoPINN),10-Fold LODO,6.0
14,5khz_No7.csv,7,Triangular,Triangular,Triangular,0.1968499720096588,0,0.7,10.0,2.0,0.7069435,9.9679165,2.1329072,0.006943524,0.03208351,0.13290715,Config_3_No_Smoothing,CNN Baseline (NoPINN),10-Fold LODO,7.0
15,5khz_No7_1.csv,7,Triangular,Triangular,Triangular,0.19967499375343323,0,0.7,10.0,2.0,0.6887947,9.90827,2.4558535,0.011205316,0.09173012,0.45585346,Config_3_No_Smoothing,CNN Baseline (NoPINN),10-Fold LODO,7.0
16,5khz_No8.csv,8,Triangular,Triangular,Triangular,0.18790000677108765,0,0.7,10.0,3.0,0.6770163,9.584941,1.7570944,0.02298367,0.4150591,1.2429056,Config_3_No_Smoothing,CNN Baseline (NoPINN),10-Fold LODO,8.0
17,5khz_No8_1.csv,8,Triangular,Triangular,Triangular,0.19724999368190765,0,0.7,10.0,3.0,0.6753886,9.7092495,1.5651908,0.024611413,0.2907505,1.4348092,Config_3_No_Smoothing,CNN Baseline (NoPINN),10-Fold LODO,8.0
18,5khz_No9.csv,9,Step_R,Step_T,Step_T,0.2642750144004822,0,0.5,10.0,3.0,0.57690465,9.506672,2.3421373,0.076904655,0.4933281,0.65786266,Config_3_No_Smoothing,CNN Baseline (NoPINN),10-Fold LODO,9.0
19,5khz_No9_1.csv,9,Step_R,Step_T,Step_T,0.25714999437332153,0,0.5,10.0,3.0,0.5490497,9.200245,2.325226,0.049049675,0.7997551,0.67477393,Config_3_No_Smoothing,CNN Baseline (NoPINN),10-Fold LODO,9.0
1,5khz_No10.csv,10,Step_T,Step_R,Step_R,0.24762499332427979,0,0.5,10.0,3.0,0.5382482,9.451953,2.719097,0.03824818,0.54804707,0.2809031,Config_3_No_Smoothing,CNN Baseline (NoPINN),10-Fold LODO,10.0
2,5khz_No10_1.csv,10,Step_T,Rectangular,Rectangular,0.24815000593662262,0,0.5,10.0,3.0,0.62256277,9.485749,2.4271693,0.122562766,0.51425076,0.5728307,Config_3_No_Smoothing,CNN Baseline (NoPINN),10-Fold LODO,10.0
2,5khz_No10_1.csv,10,Step_T,Rectangular,Rectangular,0.24815000593662262,0,0.5,10.0,3.0,0.7068955,10.174842,2.6156597,0.20689547,0.17484188,0.3843403,Config_4_Raw_Neither,CNN PINN (PI-LGL),Repeat Scan,
3,5khz_No1_1.csv,1,Rectangular,Rectangular,Rectangular,0.13285000622272491,0,0.7,10.0,1.0,0.6757531,9.868604,2.7205484,0.024246871,0.1313963,1.7205484,Config_4_Raw_Neither,CNN PINN (PI-LGL),Repeat Scan,
5,5khz_No2_1.csv,2,Rectangular,Rectangular,Rectangular,0.2146500051021576,0,0.7,10.0,2.0,0.87636906,9.679376,2.1841445,0.17636907,0.32062435,0.1841445,Config_4_Raw_Neither,CNN PINN (PI-LGL),Repeat Scan,
7,5khz_No3_1.csv,3,Rectangular,Rectangular,Rectangular,0.2453249990940094,0,0.7,10.0,3.0,0.7694462,9.699695,2.5790868,0.069446206,0.30030537,0.42091322,Config_4_Raw_Neither,CNN PINN (PI-LGL),Repeat Scan,
9,5khz_No4_1.csv,4,Ellipse,Step_T,Ellipse,0.06577499955892563,1,0.7,10.0,3.0,0.8198923,9.748993,1.7084248,0.1198923,0.25100708,1.2915752,Config_4_Raw_Neither,CNN PINN (PI-LGL),Repeat Scan,
11,5khz_No5_1.csv,5,Ellipse,Step_T,Ellipse,0.08497500419616699,1,0.9,10.0,3.0,0.8494592,9.105178,1.5152961,0.050540805,0.8948221,1.4847039,Config_4_Raw_Neither,CNN PINN (PI-LGL),Repeat Scan,
13,5khz_No6_1.csv,6,Triangular,Triangular,Triangular,0.12030000984668732,0,0.7,10.0,1.0,0.6757333,10.462455,1.7062383,0.02426666,0.4624548,0.70623827,Config_4_Raw_Neither,CNN PINN (PI-LGL),Repeat Scan,
15,5khz_No7_1.csv,7,Triangular,Triangular,Triangular,0.19967499375343323,0,0.7,10.0,2.0,0.68861,10.21043,1.9136907,0.011389971,0.21043015,0.086309314,Config_4_Raw_Neither,CNN PINN (PI-LGL),Repeat Scan,
17,5khz_No8_1.csv,8,Triangular,Triangular,Triangular,0.19724999368190765,0,0.7,10.0,3.0,0.58738637,9.731483,2.3897796,0.11261362,0.26851654,0.61022043,Config_4_Raw_Neither,CNN PINN (PI-LGL),Repeat Scan,
19,5khz_No9_1.csv,9,Step_R,Step_T,Step_T,0.25714999437332153,0,0.5,10.0,3.0,0.6280587,10.020506,2.102056,0.12805867,0.020505905,0.897944,Config_4_Raw_Neither,CNN PINN (PI-LGL),Repeat Scan,
0,5khz_No1.csv,1,Rectangular,Ellipse,Ellipse,0.13564999401569366,0,0.7,10.0,1.0,0.4566862,7.601192,1.8823249,0.24331379,2.398808,0.88232493,Config_4_Raw_Neither,CNN PINN (PI-LGL),10-Fold LODO,1.0
3,5khz_No1_1.csv,1,Rectangular,Ellipse,Ellipse,0.13285000622272491,0,0.7,10.0,1.0,0.5103195,10.029316,2.258708,0.18968052,0.029315948,1.258708,Config_4_Raw_Neither,CNN PINN (PI-LGL),10-Fold LODO,1.0
4,5khz_No2.csv,2,Rectangular,Step_R,Step_R,0.2276250123977661,0,0.7,10.0,2.0,0.5721782,10.231014,2.216441,0.1278218,0.23101425,0.21644092,Config_4_Raw_Neither,CNN PINN (PI-LGL),10-Fold LODO,2.0
5,5khz_No2_1.csv,2,Rectangular,Rectangular,Rectangular,0.2146500051021576,0,0.7,10.0,2.0,0.8412818,9.612248,2.702814,0.14128178,0.38775158,0.7028141,Config_4_Raw_Neither,CNN PINN (PI-LGL),10-Fold LODO,2.0
6,5khz_No3_.csv,3,Rectangular,Rectangular,Rectangular,0.2547000050544739,0,0.7,10.0,3.0,0.48195964,9.406398,3.0685136,0.21804035,0.5936022,0.06851363,Config_4_Raw_Neither,CNN PINN (PI-LGL),10-Fold LODO,3.0
7,5khz_No3_1.csv,3,Rectangular,Rectangular,Rectangular,0.2453249990940094,0,0.7,10.0,3.0,0.6477179,9.765181,2.6030817,0.052282095,0.23481941,0.3969183,Config_4_Raw_Neither,CNN PINN (PI-LGL),10-Fold LODO,3.0
8,5khz_No4.csv,4,Ellipse,Rectangular,Rectangular,0.044200003147125244,0,0.7,10.0,3.0,0.84486127,11.149275,0.12824848,0.14486128,1.1492748,2.8717515,Config_4_Raw_Neither,CNN PINN (PI-LGL),10-Fold LODO,4.0
9,5khz_No4_1.csv,4,Ellipse,Step_R,Ellipse,0.06577499955892563,1,0.7,10.0,3.0,0.8145131,10.391357,1.9297035,0.1145131,0.39135742,1.0702965,Config_4_Raw_Neither,CNN PINN (PI-LGL),10-Fold LODO,4.0
10,5khz_No5.csv,5,Ellipse,Ellipse,Ellipse,0.0777750015258789,0,0.9,10.0,3.0,0.6372341,10.072192,1.8588281,0.26276588,0.07219219,1.1411719,Config_4_Raw_Neither,CNN PINN (PI-LGL),10-Fold LODO,5.0
11,5khz_No5_1.csv,5,Ellipse,Step_T,Ellipse,0.08497500419616699,1,0.9,10.0,3.0,0.7348033,9.303955,2.0298288,0.16519666,0.6960449,0.9701712,Config_4_Raw_Neither,CNN PINN (PI-LGL),10-Fold LODO,5.0
12,5khz_No6.csv,6,Triangular,Triangular,Triangular,0.12152498960494995,0,0.7,10.0,1.0,0.66957045,10.410765,3.5890312,0.030429542,0.4107647,2.5890312,Config_4_Raw_Neither,CNN PINN (PI-LGL),10-Fold LODO,6.0
13,5khz_No6_1.csv,6,Triangular,Triangular,Triangular,0.12030000984668732,0,0.7,10.0,1.0,0.61401236,10.457077,2.9508977,0.08598763,0.45707703,1.9508977,Config_4_Raw_Neither,CNN PINN (PI-LGL),10-Fold LODO,6.0
14,5khz_No7.csv,7,Triangular,Rectangular,Rectangular,0.1968500018119812,0,0.7,10.0,2.0,0.63839674,9.990541,2.4300966,0.061603248,0.009458542,0.43009663,Config_4_Raw_Neither,CNN PINN (PI-LGL),10-Fold LODO,7.0
15,5khz_No7_1.csv,7,Triangular,Rectangular,Rectangular,0.19967499375343323,0,0.7,10.0,2.0,0.64840597,10.146718,2.2666812,0.05159402,0.14671803,0.2666812,Config_4_Raw_Neither,CNN PINN (PI-LGL),10-Fold LODO,7.0
16,5khz_No8.csv,8,Triangular,Step_T,Step_T,0.18790000677108765,0,0.7,10.0,3.0,0.62104374,9.856596,2.2968063,0.07895625,0.143404,0.70319366,Config_4_Raw_Neither,CNN PINN (PI-LGL),10-Fold LODO,8.0
17,5khz_No8_1.csv,8,Triangular,Step_T,Step_T,0.19724999368190765,0,0.7,10.0,3.0,0.5547425,9.595482,2.4226253,0.14525747,0.40451813,0.5773747,Config_4_Raw_Neither,CNN PINN (PI-LGL),10-Fold LODO,8.0
18,5khz_No9.csv,9,Step_R,Triangular,Triangular,0.2642750144004822,0,0.5,10.0,3.0,0.6906189,9.649995,2.1173425,0.19061887,0.35000515,0.8826575,Config_4_Raw_Neither,CNN PINN (PI-LGL),10-Fold LODO,9.0
19,5khz_No9_1.csv,9,Step_R,Triangular,Triangular,0.25714999437332153,0,0.5,10.0,3.0,0.7983291,9.7366085,1.8961526,0.29832911,0.2633915,1.1038474,Config_4_Raw_Neither,CNN PINN (PI-LGL),10-Fold LODO,9.0
1,5khz_No10.csv,10,Step_T,Rectangular,Rectangular,0.24762499332427979,0,0.5,10.0,3.0,0.75532115,10.125704,2.3559873,0.25532115,0.12570381,0.6440127,Config_4_Raw_Neither,CNN PINN (PI-LGL),10-Fold LODO,10.0
2,5khz_No10_1.csv,10,Step_T,Rectangular,Rectangular,0.24815000593662262,0,0.5,10.0,3.0,0.7650691,10.453188,2.7483954,0.26506913,0.45318794,0.25160456,Config_4_Raw_Neither,CNN PINN (PI-LGL),10-Fold LODO,10.0
2,5khz_No10_1.csv,10,Step_T,Step_T,Step_T,0.24815000593662262,0,0.5,10.0,3.0,0.66646755,9.747981,2.7539186,0.16646755,0.25201893,0.24608135,Config_4_Raw_Neither,CNN Baseline (NoPINN),Repeat Scan,
3,5khz_No1_1.csv,1,Rectangular,Rectangular,Rectangular,0.13285000622272491,0,0.7,10.0,1.0,0.76825154,7.9517994,0.44985044,0.06825155,2.0482006,0.55014956,Config_4_Raw_Neither,CNN Baseline (NoPINN),Repeat Scan,
5,5khz_No2_1.csv,2,Rectangular,Rectangular,Rectangular,0.2146500051021576,0,0.7,10.0,2.0,0.71943945,9.049321,2.1353893,0.019439459,0.9506788,0.13538933,Config_4_Raw_Neither,CNN Baseline (NoPINN),Repeat Scan,
7,5khz_No3_1.csv,3,Rectangular,Rectangular,Rectangular,0.2453249990940094,0,0.7,10.0,3.0,0.64170766,8.506193,2.586883,0.05829233,1.4938068,0.41311693,Config_4_Raw_Neither,CNN Baseline (NoPINN),Repeat Scan,
9,5khz_No4_1.csv,4,Ellipse,Ellipse,Ellipse,0.06577499955892563,0,0.7,10.0,3.0,0.8294021,10.419613,2.6831021,0.1294021,0.41961288,0.31689787,Config_4_Raw_Neither,CNN Baseline (NoPINN),Repeat Scan,
11,5khz_No5_1.csv,5,Ellipse,Ellipse,Ellipse,0.08497500419616699,0,0.9,10.0,3.0,0.8919527,10.380964,2.5415616,0.008047283,0.38096428,0.4584384,Config_4_Raw_Neither,CNN Baseline (NoPINN),Repeat Scan,
13,5khz_No6_1.csv,6,Triangular,Triangular,Triangular,0.12030000984668732,0,0.7,10.0,1.0,0.65293235,8.734947,2.4591525,0.047067642,1.2650528,1.4591525,Config_4_Raw_Neither,CNN Baseline (NoPINN),Repeat Scan,
15,5khz_No7_1.csv,7,Triangular,Triangular,Triangular,0.19967499375343323,0,0.7,10.0,2.0,0.6290393,8.881014,2.1796615,0.0709607,1.1189861,0.17966151,Config_4_Raw_Neither,CNN Baseline (NoPINN),Repeat Scan,
17,5khz_No8_1.csv,8,Triangular,Triangular,Triangular,0.19724999368190765,0,0.7,10.0,3.0,0.6501737,8.733023,2.585477,0.049826264,1.2669773,0.4145229,Config_4_Raw_Neither,CNN Baseline (NoPINN),Repeat Scan,
19,5khz_No9_1.csv,9,Step_R,Step_R,Step_R,0.25714999437332153,0,0.5,10.0,3.0,0.63982403,10.348701,2.505826,0.13982403,0.34870052,0.494174,Config_4_Raw_Neither,CNN Baseline (NoPINN),Repeat Scan,
0,5khz_No1.csv,1,Rectangular,Rectangular,Rectangular,0.13564999401569366,0,0.7,10.0,1.0,0.5207914,7.7891994,1.5271213,0.17920858,2.2108006,0.5271213,Config_4_Raw_Neither,CNN Baseline (NoPINN),10-Fold LODO,1.0
3,5khz_No1_1.csv,1,Rectangular,Rectangular,Rectangular,0.13285000622272491,0,0.7,10.0,1.0,0.5606251,7.43808,1.231939,0.13937491,2.5619202,0.23193896,Config_4_Raw_Neither,CNN Baseline (NoPINN),10-Fold LODO,1.0
4,5khz_No2.csv,2,Rectangular,Rectangular,Rectangular,0.2276250123977661,0,0.7,10.0,2.0,0.70982516,10.118971,2.810862,0.00982517,0.11897087,0.81086206,Config_4_Raw_Neither,CNN Baseline (NoPINN),10-Fold LODO,2.0
5,5khz_No2_1.csv,2,Rectangular,Rectangular,Rectangular,0.2146500051021576,0,0.7,10.0,2.0,0.6543238,9.57008,2.69211,0.04567617,0.4299202,0.69211006,Config_4_Raw_Neither,CNN Baseline (NoPINN),10-Fold LODO,2.0
6,5khz_No3_.csv,3,Rectangular,Triangular,Triangular,0.2547000050544739,0,0.7,10.0,3.0,0.5843784,8.896393,2.4252253,0.11562157,1.1036072,0.57477474,Config_4_Raw_Neither,CNN Baseline (NoPINN),10-Fold LODO,3.0
7,5khz_No3_1.csv,3,Rectangular,Triangular,Triangular,0.2453249990940094,0,0.7,10.0,3.0,0.5915016,8.980139,2.4977455,0.108498394,1.0198612,0.5022545,Config_4_Raw_Neither,CNN Baseline (NoPINN),10-Fold LODO,3.0
8,5khz_No4.csv,4,Ellipse,Ellipse,Ellipse,0.044200003147125244,0,0.7,10.0,3.0,0.8629968,10.965447,2.816848,0.16299683,0.9654474,0.18315196,Config_4_Raw_Neither,CNN Baseline (NoPINN),10-Fold LODO,4.0
9,5khz_No4_1.csv,4,Ellipse,Ellipse,Ellipse,0.06577499955892563,0,0.7,10.0,3.0,0.89620936,9.951097,2.8003156,0.19620937,0.048903465,0.19968438,Config_4_Raw_Neither,CNN Baseline (NoPINN),10-Fold LODO,4.0
10,5khz_No5.csv,5,Ellipse,Triangular,Triangular,0.0777750015258789,0,0.9,10.0,3.0,0.6481346,8.271906,1.0810628,0.2518654,1.7280941,1.9189372,Config_4_Raw_Neither,CNN Baseline (NoPINN),10-Fold LODO,5.0
11,5khz_No5_1.csv,5,Ellipse,Triangular,Triangular,0.08497500419616699,0,0.9,10.0,3.0,0.6140946,7.8564453,1.5309029,0.28590536,2.1435547,1.4690971,Config_4_Raw_Neither,CNN Baseline (NoPINN),10-Fold LODO,5.0
12,5khz_No6.csv,6,Triangular,Ellipse,Ellipse,0.12152498960494995,0,0.7,10.0,1.0,0.8190818,10.055117,2.7836556,0.119081795,0.055116653,1.7836556,Config_4_Raw_Neither,CNN Baseline (NoPINN),10-Fold LODO,6.0
13,5khz_No6_1.csv,6,Triangular,Triangular,Triangular,0.12030000984668732,0,0.7,10.0,1.0,0.783977,9.720715,2.9841437,0.083976984,0.27928543,1.9841437,Config_4_Raw_Neither,CNN Baseline (NoPINN),10-Fold LODO,6.0
14,5khz_No7.csv,7,Triangular,Triangular,Triangular,0.1968500018119812,0,0.7,10.0,2.0,0.7220059,9.540414,2.3852339,0.022005916,0.45958614,0.38523388,Config_4_Raw_Neither,CNN Baseline (NoPINN),10-Fold LODO,7.0
15,5khz_No7_1.csv,7,Triangular,Triangular,Triangular,0.19967499375343323,0,0.7,10.0,2.0,0.703914,9.982397,2.3513706,0.0039139986,0.01760292,0.35137057,Config_4_Raw_Neither,CNN Baseline (NoPINN),10-Fold LODO,7.0
16,5khz_No8.csv,8,Triangular,Triangular,Triangular,0.18790000677108765,0,0.7,10.0,3.0,0.7163696,9.893397,1.782145,0.01636964,0.10660267,1.217855,Config_4_Raw_Neither,CNN Baseline (NoPINN),10-Fold LODO,8.0
17,5khz_No8_1.csv,8,Triangular,Triangular,Triangular,0.19724999368190765,0,0.7,10.0,3.0,0.7122596,9.6533785,1.6730938,0.012259603,0.3466215,1.3269062,Config_4_Raw_Neither,CNN Baseline (NoPINN),10-Fold LODO,8.0
18,5khz_No9.csv,9,Step_R,Step_T,Step_T,0.2642750144004822,0,0.5,10.0,3.0,0.61071044,9.764854,2.566197,0.11071044,0.23514557,0.43380308,Config_4_Raw_Neither,CNN Baseline (NoPINN),10-Fold LODO,9.0
19,5khz_No9_1.csv,9,Step_R,Step_T,Step_T,0.25714999437332153,0,0.5,10.0,3.0,0.60898423,9.873685,2.5711308,0.10898423,0.12631512,0.42886925,Config_4_Raw_Neither,CNN Baseline (NoPINN),10-Fold LODO,9.0
1,5khz_No10.csv,10,Step_T,Step_R,Step_R,0.24762499332427979,0,0.5,10.0,3.0,0.51627594,9.302777,2.515768,0.016275942,0.6972227,0.48423195,Config_4_Raw_Neither,CNN Baseline (NoPINN),10-Fold LODO,10.0
2,5khz_No10_1.csv,10,Step_T,Rectangular,Rectangular,0.24815000593662262,0,0.5,10.0,3.0,0.5358376,9.700793,2.4030719,0.03583759,0.29920673,0.5969281,Config_4_Raw_Neither,CNN Baseline (NoPINN),10-Fold LODO,10.0
