0.009,0.009,0.0063,-0.0035,0.0048,0.0013,0.0049,-0.0014,0.0041,0.0018,-0.0012,0.0033,-0.0064,-0.0008,0.0036,0.0015,0.0009,0.003,-0.0027,0.0036,-0.0028,-0.0028,0.0006,0.0101,-0.0033,0.0018,-0.0007,0.0022,0.0021,0.0031,0.0031,0.0031
0.009,0.009,0.0063,-0.0035,0.0048,0.0013,0.0049,-0.0014,0.0041,0.0018,-0.0012,0.0033,-0.0064,-0.0008,0.0036,0.0015,0.0009,0.003,-0.0027,0.0036,-0.0028,-0.0028,0.0006,0.0101,-0.0033,0.0018,-0.0007,0.0022,0.0021,0.0031,0.0031,0.0031
0.0066,0.0066,0.0057,0.0012,0.0017,0.0041,-0.0055,-0.0009,0.0078,0.0,-0.001,-0.0018,0.0045,-0.0046,0.0009,-0.0017,0.0065,-0.0003,-0.001,0.0027,-0.0065,-0.005,0.014,0.0006,-0.0005,-0.0024,0.0026,0.0017,0.0003,0.0094,0.0094,0.0094
0.0071,0.0071,0.0048,0.0014,0.0006,0.002,-0.003,-0.0022,0.0065,-0.0015,0.0033,-0.0026,-0.0049,0.0006,0.0039,-0.001,0.0002,-0.0002,0.0015,-0.001,-0.0041,0.0018,0.0024,0.0033,0.0012,0.0023,-0.0035,0.0032,0.0081,0.0002,0.0002,0.0002
0.0061,0.0061,0.0063,-0.0043,-0.0004,0.0013,-0.0008,-0.0024,0.0075,0.0022,-0.0025,-0.0007,0.0018,-0.0007,-0.0015,-0.0029,0.0016,0.0054,-0.0054,0.0048,-0.0029,-0.0041,0.0014,0.0034,0.0018,0.0014,0.0017,0.0018,-0.0011,0.0045,0.0045,0.0045
0.0053,0.0053,0.0029,0.0072,-0.004,0.0026,-0.0037,0.0016,0.0026,-0.001,-0.0019,0.001,0.0027,-0.003,0.0016,-0.0047,0.005,0.0003,-0.0018,0.0016,-0.0046,0.0016,0.0062,-0.0023,0.0018,0.0017,-0.0007,0.0038,0.0014,0.0021,0.0021,0.0021
0.0074,0.0074,0.0097,-0.0074,0.0024,0.0031,-0.001,-0.0004,0.0007,-0.002,0.0036,0.0,0.0017,-0.0026,0.0006,-0.004,0.0063,-0.0001,-0.0008,0.0008,-0.0035,-0.0016,0.0017,0.0043,-0.0005,0.0028,0.0001,0.0059,-0.0013,0.0006,0.0006,0.0006
0.0072,0.0072,0.0032,0.0031,-0.0006,0.0006,-0.0012,-0.0033,0.0054,-0.0008,0.0003,-0.004,0.0036,0.0,-0.001,0.0001,-0.0001,0.0015,0.0011,-0.0042,0.0013,-0.003,0.0038,0.007,-0.0012,-0.0021,-0.0019,0.0033,0.0033,0.0051,0.0051,0.0051
0.0082,0.0082,0.0077,-0.0037,-0.0009,0.0024,-0.0016,-0.0048,0.0033,0.0031,0.0007,0.001,-0.0013,-0.0011,0.0045,-0.0073,0.0016,0.0028,0.0018,0.0003,-0.0033,-0.0053,0.0036,0.0023,0.0026,0.0006,-0.0002,0.004,0.0003,0.0022,0.0022,0.0022
0.0079,0.0079,0.0009,0.0043,-0.0003,-0.0016,0.0022,-0.0069,0.0111,-0.0059,0.0012,-0.0054,0.006,-0.0032,0.0021,-0.004,0.0064,-0.0002,-0.0054,0.0041,-0.0016,0.0011,0.0011,0.003,-0.0011,0.001,0.0008,-0.0004,0.0031,0.0035,0.0035,0.0035
0.0033,0.0033,0.0019,0.0041,-0.0003,0.0029,-0.0006,-0.0021,0.0055,0.0029,-0.0032,-0.0037,0.0019,0.0009,-0.0001,-0.0052,0.0048,-0.0001,-0.0023,-0.0011,-0.0045,0.0003,0.0069,0.0056,0.0035,-0.0052,0.0021,-0.0026,0.0042,0.0014,0.0014,0.0014
0.0049,0.0049,0.0028,0.0024,0.002,-0.0015,0.0034,0.0006,0.0033,-0.0021,-0.001,0.0031,-0.0044,0.0,-0.0027,0.0009,-0.0007,0.0008,0.0013,-0.0069,-0.001,-0.0046,0.0078,0.0062,-0.0019,0.0025,-0.0006,0.0032,-0.0019,0.003,0.003,0.003
0.0024,0.0024,0.0038,0.0028,0.001,-0.0012,0.0031,0.0023,0.0063,0.0005,-0.0079,0.0018,-0.003,0.0005,-0.0026,0.002,-0.0032,-0.0003,-0.0068,0.0006,-0.0028,-0.0045,0.0059,0.0056,-0.001,0.0028,0.0096,-0.0031,0.0026,0.004,0.004,0.004
0.0066,0.0066,0.0033,0.0018,0.0004,0.0019,0.0086,0.0028,0.007,-0.0009,-0.0051,-0.0043,-0.0046,-0.0022,-0.0045,0.0011,-0.0001,-0.0033,-0.0049,-0.0066,-0.0014,0.0013,0.0018,0.0061,0.0027,0.0048,0.0032,0.0009,0.0045,0.0067,0.0067,0.0067
0.0073,0.0073,-0.0029,0.0074,0.0008,0.0066,0.0065,0.0021,-0.0019,-0.0024,-0.0006,-0.0025,-0.001,-0.0044,-0.0024,-0.0039,-0.0026,-0.0013,-0.002,0.0011,0.0051,-0.0016,-0.0071,0.0008,0.0036,0.0017,0.0068,0.0057,-0.0023,0.0056,0.0056,0.0056
0.0049,0.0049,0.0057,-0.0007,0.0023,0.011,0.004,-0.0093,-0.0416,0.0002,0.018,0.0166,0.0037,-0.004,-0.0008,-0.0018,-0.002,0.0001,-0.0009,0.0206,0.0336,0.0169,-0.0428,-0.0343,-0.0016,0.0089,0.0045,0.002,0.0038,-0.0014,-0.0014,-0.0014
0.0017,0.0017,0.0057,0.0032,-0.0001,0.0136,0.0011,-0.0339,-0.0745,0.0054,0.05,0.0283,0.01,-0.0037,-0.0001,-0.0074,0.0017,0.0035,0.0111,0.0258,0.0608,0.0229,-0.0766,-0.0432,-0.0072,0.01,0.0044,0.0044,0.0027,-0.0041,-0.0041,-0.0041
-0.0018,-0.0018,0.0015,0.0039,0.0022,0.0023,0.0027,-0.0099,-0.036,0.0036,0.0205,0.0105,0.0003,0.0007,-0.0013,0.001,-0.0021,0.0,0.0034,0.0111,0.0186,0.0111,-0.0294,-0.018,-0.0016,0.0018,0.0089,-0.0028,0.0053,-0.0021,-0.0021,-0.0021
-0.0042,-0.0042,0.0078,0.0013,0.0014,0.0068,0.0091,-0.0084,0.0002,-0.0059,0.0075,-0.0016,-0.0001,-0.0066,-0.0002,-0.0058,0.0028,-0.0038,-0.0005,0.0028,0.0017,0.0,-0.0062,-0.0005,-0.0005,0.0042,0.0079,0.001,0.0012,0.0051,0.0051,0.0051
0.0062,0.0062,0.0045,0.0026,0.0021,0.0018,0.0076,-0.0033,0.0061,-0.002,0.002,-0.0079,0.0011,-0.0084,0.0024,-0.0067,0.0035,-0.0027,-0.0036,0.0005,-0.0055,-0.002,0.0028,0.001,0.0052,0.0036,0.0047,0.0019,0.0011,0.0048,0.0048,0.0048
-0.001,-0.001,0.009,0.0013,-0.0032,0.0032,0.0055,0.0011,0.0023,0.0009,-0.0013,-0.0038,-0.0005,-0.0061,0.0,-0.0035,0.0032,-0.0008,0.0007,-0.0076,0.0043,-0.0062,0.0042,0.0022,0.005,-0.0032,0.0046,0.0021,0.0016,0.0033,0.0033,0.0033
-0.0007,-0.0007,0.0006,0.005,-0.0007,-0.001,0.0019,0.004,0.004,0.0008,-0.0063,-0.0031,0.0006,0.0002,0.0006,-0.0002,-0.0021,0.0012,0.0003,-0.0032,-0.0061,0.0037,-0.0016,0.0071,0.0051,-0.0021,0.0031,-0.0003,0.0008,0.0029,0.0029,0.0029
0.0031,0.0031,0.0019,0.0018,0.0028,-0.0031,0.0016,-0.0027,0.0042,-0.0008,0.0022,-0.0062,-0.0019,0.0027,0.0042,-0.0037,0.0011,-0.0034,0.0087,-0.0068,-0.0046,0.0007,0.0046,0.0026,-0.0008,-0.0018,0.0015,0.0009,0.0043,-0.0001,-0.0001,-0.0001
0.0027,0.0027,0.0041,0.0014,-0.0022,0.0054,-0.0021,-0.0047,0.0056,0.0001,-0.0009,0.001,-0.0003,0.0016,0.0023,-0.0056,0.002,0.0003,-0.0027,0.0029,-0.0004,-0.0054,0.0037,0.0011,-0.0002,0.0015,0.0014,0.0001,0.0002,0.0034,0.0034,0.0034
-0.0003,-0.0003,-0.0002,-0.0024,0.0058,-0.0022,0.0012,-0.0022,0.0026,0.0002,-0.0029,-0.0007,0.0016,-0.003,0.0047,-0.0031,0.0013,0.005,-0.0033,-0.0007,-0.0019,0.0001,-0.0018,0.006,-0.0029,-0.0027,0.0029,-0.002,0.0023,-0.0047,-0.0047,-0.0047
0.0006,0.0006,0.0029,-0.002,-0.0009,-0.0002,0.0031,-0.0014,0.0022,-0.0009,-0.0008,-0.0036,0.0006,-0.0014,0.001,-0.0008,0.0028,0.0009,0.0001,-0.0017,0.003,-0.0047,0.0015,0.0029,-0.0006,-0.0002,-0.0015,0.0001,-0.0015,-0.0068,-0.0068,-0.0068
-0.0055,-0.0055,0.0085,0.0015,-0.0005,-0.0027,0.0034,-0.0003,0.0016,0.0026,-0.0022,-0.0006,-0.0025,0.0008,-0.0045,0.0072,-0.0001,-0.0005,-0.0041,0.0055,-0.0072,0.0007,0.0011,0.0056,-0.0018,-0.0004,0.0025,-0.0013,0.0054,-0.002,-0.002,-0.002
0.0003,0.0003,0.0026,0.0033,0.0041,-0.0008,0.0015,0.0004,-0.0002,0.0012,-0.0022,-0.0046,0.0048,-0.0031,0.0037,-0.0044,0.006,-0.0019,-0.0009,0.0013,-0.0055,-0.0018,0.0027,0.003,-0.0013,0.0008,0.0034,-0.002,0.0032,-0.0012,-0.0012,-0.0012
-0.0079,-0.0079,0.0033,0.0016,-0.0011,0.0014,0.0023,-0.002,0.0033,0.002,-0.0025,-0.0019,-0.0007,-0.0033,0.0044,0.0005,0.0027,-0.0017,-0.0002,0.0001,-0.0038,-0.0021,-0.0001,0.0055,0.0014,-0.0056,0.0015,-0.0001,-0.002,-0.0063,-0.0063,-0.0063
-0.0047,-0.0047,-0.0025,0.0033,-0.0024,-0.0027,0.0034,-0.0035,0.0036,-0.0012,0.0016,-0.0083,0.0051,-0.0016,0.0034,0.0024,-0.0044,0.001,0.002,0.0018,-0.0077,-0.0025,0.0045,0.003,-0.0058,0.0032,-0.001,-0.0038,0.0019,-0.0127,-0.0127,-0.0127
0.0029,0.0029,0.0,0.0045,0.0011,-0.0027,0.0029,0.0012,0.002,0.0047,-0.0061,-0.0005,-0.0006,0.004,-0.0028,0.0034,-0.0017,0.0033,0.0,-0.002,-0.0053,0.0005,0.0037,0.0046,0.0028,-0.0046,0.0041,-0.0038,0.0018,-0.0064,-0.0064,-0.0064
0.0054,0.0054,0.0036,0.0013,0.0,0.0002,0.0017,0.0036,0.0004,-0.0004,0.0011,-0.004,-0.001,0.0029,0.004,0.0,-0.0019,0.0015,-0.0001,-0.0027,-0.0001,-0.0008,0.0016,0.0042,0.0002,0.0022,-0.0086,0.0018,-0.0062,-0.0045,-0.0045,-0.0045
