Architecture,Evaluated_Model,Method,Num_Samples,Clf_Accuracy (%),Acc_95CI,Balanced_Acc (%),F1_Macro (%),F1_95CI,MCC,MAE_W (mm),MAE_L (mm),MAE_D (mm),NMAE_W (%),NMAE_L (%),NMAE_D (%),Overall_NMAE (%),Overall_MAE (mm),Overall_RMSE (mm),R2_W,R2_D
MLP_Multitask,mlp_train_01pct_PINN_base_a1_W0_E300_seed_42_run_20260828_161012,Real_Only_Scratch,20,45.0,"[25.0, 70.0]",35.0,33.45,"[17.9, 49.7]",0.301,0.215,3.1538,1.2861,53.8,31.5,64.3,49.9,1.5516,1.7085,-3.83,-1.896
MLP_Multitask,mlp_train_01pct_PINN_base_a1_W0_E300_seed_42_run_20260828_161012,Source_Only_ZeroShot,20,10.0,"[0.0, 25.0]",20.0,3.64,"[0.0, 8.3]",0.0,0.3174,3.9579,2.9222,79.4,39.6,146.1,88.3,2.3992,2.5202,-9.225,-13.393
MLP_Multitask,mlp_train_01pct_PINN_base_a1_W0_E300_seed_42_run_20260828_161012,FewShot_PEFT,20,10.0,"[0.0, 25.0]",20.0,3.64,"[0.0, 8.3]",0.0,0.2397,3.0935,2.5954,59.9,30.9,129.8,73.5,1.9762,2.1083,-4.965,-10.58
MLP_Multitask,mlp_train_01pct_PINN_base_a1_W0_E300_seed_42_run_20260828_161012,Domain_Transfer_MMD,20,10.0,"[0.0, 25.0]",20.0,3.64,"[0.0, 8.3]",0.0,0.2682,3.7793,2.8857,67.0,37.8,144.3,83.0,2.3111,2.4171,-6.555,-13.079
MLP_Multitask,mlp_train_01pct_PINN_base_a1_W0_E300_seed_42_run_20260828_161012,Physics_TTA,20,10.0,"[0.0, 25.0]",20.0,3.64,"[0.0, 8.3]",0.0,0.3087,3.911,2.9113,77.2,39.1,145.6,87.3,2.377,2.4967,-8.708,-13.286
MLP_Multitask,mlp_train_03pct_PINN_base_a1_W0_E300_seed_42_run_20260829_045032,Real_Only_Scratch,20,40.0,"[20.0, 65.0]",30.0,29.33,"[13.9, 45.0]",0.227,0.1655,2.2946,1.0624,41.4,22.9,53.1,39.1,1.1742,1.3654,-3.002,-1.457
MLP_Multitask,mlp_train_03pct_PINN_base_a1_W0_E300_seed_42_run_20260829_045032,Source_Only_ZeroShot,20,10.0,"[0.0, 25.0]",20.0,4.0,"[0.0, 8.7]",0.0,0.1354,11.2896,2.9842,33.9,112.9,149.2,98.7,4.8031,4.9635,-1.498,-14.081
MLP_Multitask,mlp_train_03pct_PINN_base_a1_W0_E300_seed_42_run_20260829_045032,FewShot_PEFT,20,10.0,"[0.0, 25.0]",20.0,4.0,"[0.0, 8.7]",0.0,0.1064,10.1701,2.7559,26.6,101.7,137.8,88.7,4.3441,4.5098,-0.747,-12.037
MLP_Multitask,mlp_train_03pct_PINN_base_a1_W0_E300_seed_42_run_20260829_045032,Domain_Transfer_MMD,20,10.0,"[0.0, 25.0]",20.0,4.0,"[0.0, 8.7]",0.0,0.123,11.1074,2.7065,30.7,111.1,135.3,92.4,4.6456,4.8431,-1.402,-11.791
MLP_Multitask,mlp_train_03pct_PINN_base_a1_W0_E300_seed_42_run_20260829_045032,Physics_TTA,20,10.0,"[0.0, 25.0]",20.0,3.81,"[0.0, 8.3]",0.0,0.1343,11.1041,2.9357,33.6,111.0,146.8,97.1,4.7247,4.8857,-1.429,-13.642
MLP_Multitask,mlp_train_05pct_PINN_alpha_a0_W0_E300_seed_42_run_20260828_161012,Real_Only_Scratch,20,45.0,"[25.0, 70.0]",35.0,33.45,"[17.9, 49.7]",0.301,0.2043,2.1446,1.0159,51.1,21.4,50.8,41.1,1.1216,1.3448,-4.768,-1.354
MLP_Multitask,mlp_train_05pct_PINN_alpha_a0_W0_E300_seed_42_run_20260828_161012,Source_Only_ZeroShot,20,10.0,"[0.0, 25.0]",6.67,5.71,"[0.0, 12.5]",-0.196,0.1506,4.1047,1.9931,37.7,41.0,99.7,59.5,2.0828,2.416,-1.688,-6.639
MLP_Multitask,mlp_train_05pct_PINN_alpha_a0_W0_E300_seed_42_run_20260828_161012,FewShot_PEFT,20,10.0,"[0.0, 25.0]",6.67,5.71,"[0.0, 12.5]",-0.196,0.1435,3.6995,1.8623,35.9,37.0,93.1,55.3,1.9018,2.1811,-1.588,-5.753
MLP_Multitask,mlp_train_05pct_PINN_alpha_a0_W0_E300_seed_42_run_20260828_161012,Domain_Transfer_MMD,20,10.0,"[0.0, 25.0]",6.67,5.71,"[0.0, 12.5]",-0.196,0.1584,4.2305,2.147,39.6,42.3,107.3,63.1,2.1786,2.5473,-2.004,-7.805
MLP_Multitask,mlp_train_05pct_PINN_alpha_a0_W0_E300_seed_42_run_20260828_161012,Physics_TTA,20,10.0,"[0.0, 25.0]",6.67,5.71,"[0.0, 12.5]",-0.196,0.1422,3.9477,1.9613,35.6,39.5,98.1,57.7,2.0171,2.3299,-1.49,-6.412
MLP_Multitask,mlp_train_05pct_PINN_alpha_a1000_W0_E300_seed_42_run_20260828_212157,Real_Only_Scratch,20,40.0,"[20.0, 65.0]",30.0,29.33,"[13.9, 45.0]",0.227,0.1782,2.3985,0.8996,44.6,24.0,45.0,37.8,1.1588,1.3968,-2.681,-0.742
MLP_Multitask,mlp_train_05pct_PINN_alpha_a1000_W0_E300_seed_42_run_20260828_212157,Source_Only_ZeroShot,20,30.0,"[10.0, 50.0]",20.0,9.23,"[3.6, 16.7]",0.0,2.7665,11.494,6.2121,691.6,114.9,310.6,372.4,6.8242,7.0591,-686.173,-61.467
MLP_Multitask,mlp_train_05pct_PINN_alpha_a1000_W0_E300_seed_42_run_20260828_212157,FewShot_PEFT,20,30.0,"[10.0, 50.0]",20.0,9.23,"[3.6, 16.7]",0.0,2.6175,10.1359,5.897,654.4,101.4,294.9,350.2,6.2168,6.4582,-615.328,-55.43
MLP_Multitask,mlp_train_05pct_PINN_alpha_a1000_W0_E300_seed_42_run_20260828_212157,Domain_Transfer_MMD,20,30.0,"[10.0, 50.0]",20.0,9.23,"[3.6, 16.7]",0.0,2.1311,11.7746,5.1893,532.8,117.7,259.5,303.3,6.365,6.6459,-418.83,-43.417
MLP_Multitask,mlp_train_05pct_PINN_alpha_a1000_W0_E300_seed_42_run_20260828_212157,Physics_TTA,20,30.0,"[10.0, 50.0]",20.0,9.23,"[3.6, 16.7]",0.0,2.7638,11.0443,6.1845,690.9,110.4,309.2,370.2,6.6642,6.8996,-684.732,-60.927
MLP_Multitask,mlp_train_05pct_PINN_alpha_a100_W0_E300_seed_42_run_20260828_181221,Real_Only_Scratch,20,45.0,"[25.0, 70.0]",35.0,33.45,"[17.9, 49.7]",0.301,0.2438,2.3506,1.1485,60.9,23.5,57.4,47.3,1.2476,1.4801,-6.774,-2.212
MLP_Multitask,mlp_train_05pct_PINN_alpha_a100_W0_E300_seed_42_run_20260828_181221,Source_Only_ZeroShot,20,20.0,"[5.0, 40.0]",20.0,10.67,"[2.2, 21.2]",-0.033,0.2545,13.1136,6.4039,63.6,131.1,320.2,171.7,6.5907,6.6653,-6.269,-63.896
MLP_Multitask,mlp_train_05pct_PINN_alpha_a100_W0_E300_seed_42_run_20260828_181221,FewShot_PEFT,20,20.0,"[5.0, 40.0]",20.0,10.67,"[2.2, 21.2]",-0.033,0.257,11.7862,6.1141,64.2,117.9,305.7,162.6,6.0524,6.1286,-6.429,-58.221
MLP_Multitask,mlp_train_05pct_PINN_alpha_a100_W0_E300_seed_42_run_20260828_181221,Domain_Transfer_MMD,20,20.0,"[5.0, 40.0]",20.0,10.7,"[2.4, 21.1]",-0.016,0.2836,11.3385,5.2029,70.9,113.4,260.1,148.1,5.6084,5.6982,-7.615,-42.17
MLP_Multitask,mlp_train_05pct_PINN_alpha_a100_W0_E300_seed_42_run_20260828_181221,Physics_TTA,20,20.0,"[5.0, 40.0]",20.0,10.76,"[2.1, 21.2]",-0.051,0.2565,12.8538,6.3989,64.1,128.5,319.9,170.9,6.5031,6.5809,-6.315,-63.798
MLP_Multitask,mlp_train_05pct_PINN_alpha_a10_W0_E300_seed_42_run_20260828_172209,Real_Only_Scratch,20,45.0,"[25.0, 70.0]",35.0,33.45,"[17.9, 49.7]",0.301,0.2604,2.9596,1.1682,65.1,29.6,58.4,51.0,1.4628,1.7518,-6.941,-1.874
MLP_Multitask,mlp_train_05pct_PINN_alpha_a10_W0_E300_seed_42_run_20260828_172209,Source_Only_ZeroShot,20,5.0,"[0.0, 15.0]",10.0,2.86,"[0.0, 8.0]",-0.155,0.2138,14.9224,5.0798,53.5,149.2,254.0,152.2,6.7387,6.9477,-3.718,-41.705
MLP_Multitask,mlp_train_05pct_PINN_alpha_a10_W0_E300_seed_42_run_20260828_172209,FewShot_PEFT,20,5.0,"[0.0, 15.0]",10.0,2.86,"[0.0, 8.0]",-0.155,0.1769,13.7438,4.8481,44.2,137.4,242.4,141.4,6.2563,6.4494,-2.49,-37.91
MLP_Multitask,mlp_train_05pct_PINN_alpha_a10_W0_E300_seed_42_run_20260828_172209,Domain_Transfer_MMD,20,0.0,"[0.0, 0.0]",0.0,0.0,"[0.0, 0.0]",-0.238,0.161,13.0942,4.6255,40.2,130.9,231.3,134.2,5.9602,6.157,-1.877,-34.371
MLP_Multitask,mlp_train_05pct_PINN_alpha_a10_W0_E300_seed_42_run_20260828_172209,Physics_TTA,20,5.0,"[0.0, 15.0]",10.0,2.86,"[0.0, 8.0]",-0.155,0.2168,14.623,5.0455,54.2,146.2,252.3,150.9,6.6284,6.8366,-3.823,-41.067
MLP_Multitask,mlp_train_05pct_PINN_base_a1_W0_E300_seed_123_run_20260828_215732,Real_Only_Scratch,20,50.0,"[30.0, 70.1]",40.0,37.33,"[21.1, 53.3]",0.379,0.2257,2.9553,1.1862,56.4,29.6,59.3,48.4,1.4557,1.6596,-5.341,-1.805
MLP_Multitask,mlp_train_05pct_PINN_base_a1_W0_E300_seed_123_run_20260828_215732,Source_Only_ZeroShot,20,10.0,"[0.0, 25.0]",20.0,3.64,"[0.0, 8.3]",0.0,1.0396,1.6179,0.6991,259.9,16.2,35.0,103.7,1.1189,1.2899,-94.427,-0.069
MLP_Multitask,mlp_train_05pct_PINN_base_a1_W0_E300_seed_123_run_20260828_215732,FewShot_PEFT,20,10.0,"[0.0, 25.0]",20.0,3.64,"[0.0, 8.3]",0.0,0.9033,1.5916,0.7077,225.8,15.9,35.4,92.4,1.0675,1.236,-71.46,-0.094
MLP_Multitask,mlp_train_05pct_PINN_base_a1_W0_E300_seed_123_run_20260828_215732,Domain_Transfer_MMD,20,10.0,"[0.0, 25.0]",20.0,3.64,"[0.0, 8.3]",0.0,0.8915,1.8541,0.6705,222.9,18.5,33.5,91.6,1.1387,1.3378,-69.895,-0.134
MLP_Multitask,mlp_train_05pct_PINN_base_a1_W0_E300_seed_123_run_20260828_215732,Physics_TTA,20,10.0,"[0.0, 25.0]",20.0,3.64,"[0.0, 8.3]",0.0,1.026,1.5354,0.6984,256.5,15.4,34.9,102.3,1.0866,1.2509,-91.948,-0.075
MLP_Multitask,mlp_train_05pct_PINN_base_a1_W0_E300_seed_42_run_20260829_050236,Real_Only_Scratch,20,40.0,"[20.0, 65.0]",30.0,29.33,"[13.9, 45.0]",0.227,0.1903,2.3587,1.0756,47.6,23.6,53.8,41.7,1.2082,1.3568,-3.283,-1.181
MLP_Multitask,mlp_train_05pct_PINN_base_a1_W0_E300_seed_42_run_20260829_050236,Source_Only_ZeroShot,20,10.0,"[0.0, 25.0]",20.0,3.64,"[0.0, 8.3]",0.0,0.1721,14.9483,1.9967,43.0,149.5,99.8,97.4,5.7057,6.028,-3.284,-6.285
MLP_Multitask,mlp_train_05pct_PINN_base_a1_W0_E300_seed_42_run_20260829_050236,FewShot_PEFT,20,10.0,"[0.0, 25.0]",20.0,3.64,"[0.0, 8.3]",0.0,0.1574,13.409,1.745,39.4,134.1,87.3,86.9,5.1038,5.4522,-2.822,-4.808
MLP_Multitask,mlp_train_05pct_PINN_base_a1_W0_E300_seed_42_run_20260829_050236,Domain_Transfer_MMD,20,10.0,"[0.0, 25.0]",20.0,3.81,"[0.0, 8.3]",-0.019,0.1512,14.5974,2.2301,37.8,146.0,111.5,98.4,5.6596,6.02,-2.848,-7.901
MLP_Multitask,mlp_train_05pct_PINN_base_a1_W0_E300_seed_42_run_20260829_050236,Physics_TTA,20,10.0,"[0.0, 25.0]",20.0,3.64,"[0.0, 8.3]",0.0,0.1615,14.4488,1.9854,40.4,144.5,99.3,94.7,5.5319,5.8503,-2.85,-6.208
MLP_Multitask,mlp_train_05pct_PINN_base_a1_W0_E300_seed_456_run_20260829_013733,Real_Only_Scratch,20,40.0,"[20.0, 65.0]",30.0,29.33,"[13.9, 45.0]",0.227,0.2203,3.4374,1.2555,55.1,34.4,62.8,50.7,1.6377,1.8301,-3.818,-2.21
MLP_Multitask,mlp_train_05pct_PINN_base_a1_W0_E300_seed_456_run_20260829_013733,Source_Only_ZeroShot,20,10.0,"[0.0, 25.0]",20.0,3.81,"[0.0, 8.3]",0.0,0.9354,6.7755,3.944,233.9,67.8,197.2,166.3,3.885,4.0617,-76.108,-24.942
MLP_Multitask,mlp_train_05pct_PINN_base_a1_W0_E300_seed_456_run_20260829_013733,FewShot_PEFT,20,10.0,"[0.0, 25.0]",20.0,3.81,"[0.0, 8.3]",0.0,0.8298,5.6399,3.6558,207.4,56.4,182.8,148.9,3.3751,3.5407,-60.102,-21.479
MLP_Multitask,mlp_train_05pct_PINN_base_a1_W0_E300_seed_456_run_20260829_013733,Domain_Transfer_MMD,20,10.0,"[0.0, 25.0]",20.0,3.81,"[0.0, 8.3]",0.0,1.0542,6.1468,4.011,263.5,61.5,200.5,175.2,3.7373,3.8965,-96.445,-25.727
MLP_Multitask,mlp_train_05pct_PINN_base_a1_W0_E300_seed_456_run_20260829_013733,Physics_TTA,20,10.0,"[0.0, 25.0]",20.0,3.81,"[0.0, 8.3]",0.0,0.9229,6.5728,3.9675,230.7,65.7,198.4,164.9,3.8211,3.9942,-74.186,-25.234
MLP_Multitask,mlp_train_05pct_PINN_base_a1_W0_E300_seed_789_run_20260829_015734,Real_Only_Scratch,20,50.0,"[30.0, 70.1]",40.0,36.61,"[20.6, 52.8]",0.366,0.1777,2.9302,1.0327,44.4,29.3,51.6,41.8,1.3802,1.6085,-2.773,-1.753
MLP_Multitask,mlp_train_05pct_PINN_base_a1_W0_E300_seed_789_run_20260829_015734,Source_Only_ZeroShot,20,5.0,"[0.0, 15.0]",10.0,2.5,"[0.0, 7.1]",-0.088,0.1254,12.4833,1.0526,31.3,124.8,52.6,69.6,4.5537,4.7673,-1.123,-1.755
MLP_Multitask,mlp_train_05pct_PINN_base_a1_W0_E300_seed_789_run_20260829_015734,FewShot_PEFT,20,5.0,"[0.0, 15.0]",10.0,2.5,"[0.0, 7.1]",-0.088,0.1177,10.8445,0.9043,29.4,108.4,45.2,61.0,3.9555,4.1735,-0.809,-1.206
MLP_Multitask,mlp_train_05pct_PINN_base_a1_W0_E300_seed_789_run_20260829_015734,Domain_Transfer_MMD,20,5.0,"[0.0, 15.0]",10.0,2.5,"[0.0, 7.1]",-0.088,0.1451,11.1018,1.0334,36.3,111.0,51.7,66.3,4.0934,4.3521,-1.355,-1.664
MLP_Multitask,mlp_train_05pct_PINN_base_a1_W0_E300_seed_789_run_20260829_015734,Physics_TTA,20,5.0,"[0.0, 15.0]",10.0,2.5,"[0.0, 7.1]",-0.088,0.1266,12.4888,1.0467,31.7,124.9,52.3,69.6,4.5541,4.762,-1.181,-1.705
MLP_Multitask,mlp_train_07pct_PINN_base_a1_W0_E300_seed_42_run_20260829_061905,Real_Only_Scratch,20,45.0,"[25.0, 70.0]",35.0,32.73,"[17.4, 49.3]",0.289,0.1846,2.9126,1.0874,46.2,29.1,54.4,43.2,1.3949,1.7229,-2.921,-1.688
MLP_Multitask,mlp_train_07pct_PINN_base_a1_W0_E300_seed_42_run_20260829_061905,Source_Only_ZeroShot,20,10.0,"[0.0, 25.0]",20.0,3.64,"[0.0, 8.3]",0.0,0.1032,16.502,1.9362,25.8,165.0,96.8,95.9,6.1805,6.5081,-0.486,-6.627
MLP_Multitask,mlp_train_07pct_PINN_base_a1_W0_E300_seed_42_run_20260829_061905,FewShot_PEFT,20,10.0,"[0.0, 25.0]",20.0,3.64,"[0.0, 8.3]",0.0,0.0811,14.8629,1.7388,20.3,148.6,86.9,85.3,5.5609,5.877,0.042,-5.227
MLP_Multitask,mlp_train_07pct_PINN_base_a1_W0_E300_seed_42_run_20260829_061905,Domain_Transfer_MMD,20,10.0,"[0.0, 25.0]",20.0,3.64,"[0.0, 8.3]",0.0,0.0949,14.4536,2.0724,23.7,144.5,103.6,90.6,5.5403,5.8581,-0.397,-7.68
MLP_Multitask,mlp_train_07pct_PINN_base_a1_W0_E300_seed_42_run_20260829_061905,Physics_TTA,20,10.0,"[0.0, 25.0]",20.0,3.64,"[0.0, 8.3]",0.0,0.0957,16.2475,1.9307,23.9,162.5,96.5,94.3,6.0913,6.4146,-0.339,-6.61
MLP_Multitask,mlp_train_10pct_PINN_base_a1_W0_E300_seed_42_run_20260829_070441,Real_Only_Scratch,20,45.0,"[25.0, 70.0]",35.0,33.45,"[17.9, 49.7]",0.301,0.244,2.3495,1.0652,61.0,23.5,53.3,45.9,1.2196,1.4136,-5.973,-1.525
MLP_Multitask,mlp_train_10pct_PINN_base_a1_W0_E300_seed_42_run_20260829_070441,Source_Only_ZeroShot,20,20.0,"[5.0, 40.0]",26.67,12.44,"[2.1, 22.9]",0.122,0.3931,6.7071,2.3107,98.3,67.1,115.5,93.6,3.1369,3.332,-17.775,-8.617
MLP_Multitask,mlp_train_10pct_PINN_base_a1_W0_E300_seed_42_run_20260829_070441,FewShot_PEFT,20,20.0,"[5.0, 40.0]",26.67,12.44,"[2.1, 22.9]",0.122,0.3322,5.7495,2.0935,83.1,57.5,104.7,81.7,2.7251,2.8939,-13.216,-7.034
MLP_Multitask,mlp_train_10pct_PINN_base_a1_W0_E300_seed_42_run_20260829_070441,Domain_Transfer_MMD,20,20.0,"[5.0, 40.0]",26.67,12.44,"[2.1, 22.9]",0.122,0.3671,4.25,1.829,91.8,42.5,91.5,75.2,2.1487,2.3563,-16.299,-5.526
MLP_Multitask,mlp_train_10pct_PINN_base_a1_W0_E300_seed_42_run_20260829_070441,Physics_TTA,20,20.0,"[5.0, 40.0]",26.67,12.44,"[2.1, 22.9]",0.122,0.3885,6.4355,2.2713,97.1,64.4,113.6,91.7,3.0318,3.2277,-17.5,-8.321
MLP_Xiong,xiong_train_01pct_PINN_base_a1_W0_E300_seed_42_run_20260828_161011,Real_Only_Scratch,20,40.0,"[20.0, 65.0]",30.0,29.33,"[13.9, 45.0]",0.227,0.2259,2.6198,1.224,56.5,26.2,61.2,48.0,1.3566,1.4872,-4.905,-2.318
MLP_Xiong,xiong_train_01pct_PINN_base_a1_W0_E300_seed_42_run_20260828_161011,Source_Only_ZeroShot,20,20.0,"[5.0, 40.0]",20.0,6.67,"[1.9, 14.3]",0.0,215.7244,4339.5923,512.0268,53931.1,43395.9,25601.3,40976.1,1689.1144,1700.7358,-5068423.552,-417897.815
MLP_Xiong,xiong_train_01pct_PINN_base_a1_W0_E300_seed_42_run_20260828_161011,FewShot_PEFT,20,30.0,"[10.0, 50.0]",20.0,9.23,"[3.6, 16.7]",0.0,215.4944,4336.2446,511.5257,53873.6,43362.4,25576.3,40937.4,1687.7548,1699.3892,-5059746.126,-417099.764
MLP_Xiong,xiong_train_01pct_PINN_base_a1_W0_E300_seed_42_run_20260828_161011,Domain_Transfer_MMD,20,10.0,"[0.0, 25.0]",20.0,4.21,"[0.0, 8.7]",-0.022,214.8405,4335.712,511.7268,53710.1,43357.1,25586.3,40884.5,1687.4264,1699.0798,-5036138.988,-417378.822
MLP_Xiong,xiong_train_01pct_PINN_base_a1_W0_E300_seed_42_run_20260828_161011,Physics_TTA,20,10.0,"[0.0, 25.0]",20.0,4.21,"[0.0, 9.1]",-0.068,215.7748,4339.365,511.9765,53943.7,43393.7,25598.8,40978.7,1689.039,1700.654,-5069790.33,-417815.899
MLP_Xiong,xiong_train_03pct_PINN_base_a1_W0_E300_seed_42_run_20260829_214641,Real_Only_Scratch,20,50.0,"[30.0, 70.1]",40.0,37.33,"[21.1, 53.3]",0.379,0.1724,2.21,1.1178,43.1,22.1,55.9,40.4,1.1667,1.3296,-3.308,-1.586
MLP_Xiong,xiong_train_03pct_PINN_base_a1_W0_E300_seed_42_run_20260829_214641,Source_Only_ZeroShot,20,10.0,"[0.0, 25.0]",10.0,4.0,"[0.0, 10.0]",-0.197,90.5665,1239.5198,282.0118,22641.6,12395.2,14100.6,16379.1,537.366,539.0454,-708891.079,-128581.0
MLP_Xiong,xiong_train_03pct_PINN_base_a1_W0_E300_seed_42_run_20260829_214641,FewShot_PEFT,20,0.0,"[0.0, 0.0]",0.0,0.0,"[0.0, 0.0]",-0.39,90.3162,1236.1814,281.5106,22579.1,12361.8,14075.5,16338.8,536.0028,537.6835,-704981.012,-128136.683
MLP_Xiong,xiong_train_03pct_PINN_base_a1_W0_E300_seed_42_run_20260829_214641,Domain_Transfer_MMD,20,0.0,"[0.0, 0.0]",0.0,0.0,"[0.0, 0.0]",-0.421,90.2504,1240.8434,280.9006,22562.6,12408.4,14045.0,16338.7,537.3315,539.017,-703952.505,-127594.276
MLP_Xiong,xiong_train_03pct_PINN_base_a1_W0_E300_seed_42_run_20260829_214641,Physics_TTA,20,20.0,"[5.0, 40.0]",20.0,6.67,"[1.9, 14.3]",0.0,90.5895,1238.9592,282.0896,22647.4,12389.6,14104.5,16380.5,537.2128,538.8916,-709250.091,-128650.56
MLP_Xiong,xiong_train_05pct_PINN_alpha_a0_W0_E300_seed_42_run_20260828_161012,Real_Only_Scratch,20,40.0,"[20.0, 65.0]",30.0,29.33,"[13.9, 45.0]",0.227,0.1955,3.4523,1.2931,48.9,34.5,64.7,49.4,1.647,1.9746,-3.863,-2.472
MLP_Xiong,xiong_train_05pct_PINN_alpha_a0_W0_E300_seed_42_run_20260828_161012,Source_Only_ZeroShot,20,20.0,"[5.0, 40.0]",20.0,6.67,"[1.9, 14.3]",0.0,0.5449,239.6566,7.434,136.2,2396.6,371.7,968.2,82.5452,82.6014,-25.638,-86.235
MLP_Xiong,xiong_train_05pct_PINN_alpha_a0_W0_E300_seed_42_run_20260828_161012,FewShot_PEFT,20,0.0,"[0.0, 0.0]",0.0,0.0,"[0.0, 0.0]",-0.531,0.5212,236.3065,6.9556,130.3,2363.1,347.8,947.0,81.2611,81.319,-23.466,-75.48
MLP_Xiong,xiong_train_05pct_PINN_alpha_a0_W0_E300_seed_42_run_20260828_161012,Domain_Transfer_MMD,20,15.0,"[0.0, 30.1]",10.0,5.22,"[0.0, 11.5]",-0.307,0.5271,226.2359,6.3011,131.8,2262.4,315.1,903.1,77.688,77.8595,-24.046,-62.061
MLP_Xiong,xiong_train_05pct_PINN_alpha_a0_W0_E300_seed_42_run_20260828_161012,Physics_TTA,20,20.0,"[5.0, 40.0]",20.0,6.67,"[1.9, 14.3]",0.0,0.5444,239.0105,7.381,136.1,2390.1,369.0,965.1,82.3119,82.3705,-25.605,-85.017
MLP_Xiong,xiong_train_05pct_PINN_alpha_a1000_W0_E300_seed_42_run_20260829_091002,Real_Only_Scratch,20,50.0,"[30.0, 70.1]",40.0,37.33,"[21.1, 53.3]",0.379,0.2291,2.5495,1.0821,57.3,25.5,54.1,45.6,1.2869,1.5222,-4.72,-1.536
MLP_Xiong,xiong_train_05pct_PINN_alpha_a1000_W0_E300_seed_42_run_20260829_091002,Source_Only_ZeroShot,20,30.0,"[10.0, 50.0]",20.0,9.23,"[3.6, 16.7]",0.0,0.68,1107.3492,36.5199,170.0,11073.5,1826.0,4356.5,381.5164,381.5221,-39.862,-2083.906
MLP_Xiong,xiong_train_05pct_PINN_alpha_a1000_W0_E300_seed_42_run_20260829_091002,FewShot_PEFT,20,10.0,"[0.0, 25.0]",20.0,3.64,"[0.0, 8.3]",0.0,0.68,1103.9397,36.0111,170.0,11039.4,1800.6,4336.7,380.2103,380.2161,-39.862,-2026.254
MLP_Xiong,xiong_train_05pct_PINN_alpha_a1000_W0_E300_seed_42_run_20260829_091002,Domain_Transfer_MMD,20,10.0,"[0.0, 25.0]",20.0,3.64,"[0.0, 8.3]",0.0,0.68,1103.55,36.0162,170.0,11035.5,1800.8,4335.4,380.0821,380.0879,-39.862,-2026.822
MLP_Xiong,xiong_train_05pct_PINN_alpha_a1000_W0_E300_seed_42_run_20260829_091002,Physics_TTA,20,30.0,"[10.0, 50.0]",20.0,9.23,"[3.6, 16.7]",0.0,0.68,1107.0807,36.5576,170.0,11070.8,1827.9,4356.2,381.4394,381.4452,-39.862,-2088.211
MLP_Xiong,xiong_train_05pct_PINN_alpha_a100_W0_E300_seed_42_run_20260829_002122,Real_Only_Scratch,20,40.0,"[20.0, 65.0]",30.0,29.33,"[13.9, 45.0]",0.227,0.2034,3.1119,1.1743,50.8,31.1,58.7,46.9,1.4965,1.7615,-3.848,-1.812
MLP_Xiong,xiong_train_05pct_PINN_alpha_a100_W0_E300_seed_42_run_20260829_002122,Source_Only_ZeroShot,20,10.0,"[0.0, 25.0]",20.0,3.64,"[0.0, 8.3]",0.0,57.2574,3395.577,636.2192,14314.3,33955.8,31811.0,26693.7,1363.0177,1363.0178,-282621.51,-632460.86
MLP_Xiong,xiong_train_05pct_PINN_alpha_a100_W0_E300_seed_42_run_20260829_002122,FewShot_PEFT,20,10.0,"[0.0, 25.0]",20.0,3.64,"[0.0, 8.3]",0.0,57.0024,3392.1487,635.7046,14250.6,33921.5,31785.2,26652.4,1361.6187,1361.6189,-280109.341,-631438.178
MLP_Xiong,xiong_train_05pct_PINN_alpha_a100_W0_E300_seed_42_run_20260829_002122,Domain_Transfer_MMD,20,10.0,"[0.0, 25.0]",20.0,3.64,"[0.0, 8.3]",0.0,57.0024,3392.1487,635.7046,14250.6,33921.5,31785.2,26652.4,1361.6187,1361.6189,-280109.332,-631438.178
MLP_Xiong,xiong_train_05pct_PINN_alpha_a100_W0_E300_seed_42_run_20260829_002122,Physics_TTA,20,20.0,"[5.0, 40.0]",20.0,6.67,"[1.9, 14.3]",0.0,57.2761,3395.327,636.2566,14319.0,33953.3,31812.8,26695.0,1362.9531,1362.9532,-282806.594,-632535.37
MLP_Xiong,xiong_train_05pct_PINN_alpha_a10_W0_E300_seed_42_run_20260828_175537,Real_Only_Scratch,20,40.0,"[20.0, 65.0]",30.0,29.33,"[13.9, 45.0]",0.227,0.2422,2.5581,1.1092,60.6,25.6,55.5,47.2,1.3032,1.4594,-6.571,-1.849
MLP_Xiong,xiong_train_05pct_PINN_alpha_a10_W0_E300_seed_42_run_20260828_175537,Source_Only_ZeroShot,20,20.0,"[5.0, 40.0]",20.0,6.67,"[1.9, 14.3]",0.0,78.5346,2812.9326,684.9086,19633.7,28129.3,34245.4,27336.1,1192.1254,1192.1254,-531697.356,-732968.409
MLP_Xiong,xiong_train_05pct_PINN_alpha_a10_W0_E300_seed_42_run_20260828_175537,FewShot_PEFT,20,30.0,"[10.0, 50.0]",20.0,9.23,"[3.6, 16.7]",0.0,78.2792,2809.5142,684.3929,19569.8,28095.1,34219.6,27294.9,1190.7288,1190.7288,-528244.519,-731864.951
MLP_Xiong,xiong_train_05pct_PINN_alpha_a10_W0_E300_seed_42_run_20260828_175537,Domain_Transfer_MMD,20,0.0,"[0.0, 0.0]",0.0,0.0,"[0.0, 0.0]",-0.425,78.2792,2809.5142,684.3929,19569.8,28095.1,34219.6,27294.9,1190.7288,1190.7288,-528244.519,-731864.951
MLP_Xiong,xiong_train_05pct_PINN_alpha_a10_W0_E300_seed_42_run_20260828_175537,Physics_TTA,20,30.0,"[10.0, 50.0]",20.0,9.23,"[3.6, 16.7]",0.0,78.5534,2812.6824,684.946,19638.3,28126.8,34247.3,27337.5,1192.0607,1192.0607,-531951.104,-733048.622
MLP_Xiong,xiong_train_05pct_PINN_base_a1_W0_E300_seed_123_run_20260829_101229,Real_Only_Scratch,20,40.0,"[20.0, 65.0]",30.0,29.33,"[13.9, 45.0]",0.227,0.2118,2.7326,1.1271,53.0,27.3,56.4,45.5,1.3572,1.5636,-6.831,-1.917
MLP_Xiong,xiong_train_05pct_PINN_base_a1_W0_E300_seed_123_run_20260829_101229,Source_Only_ZeroShot,20,10.0,"[0.0, 25.0]",20.0,3.64,"[0.0, 8.3]",0.0,103.391,459.8288,187.0942,25847.8,4598.3,9354.7,13266.9,250.1046,250.1054,-921526.225,-54694.098
MLP_Xiong,xiong_train_05pct_PINN_base_a1_W0_E300_seed_123_run_20260829_101229,FewShot_PEFT,20,30.0,"[10.0, 50.0]",20.0,9.23,"[3.6, 16.7]",0.0,103.1357,456.4352,186.5842,25783.9,4564.4,9329.2,13225.8,248.7184,248.7191,-916980.311,-54396.346
MLP_Xiong,xiong_train_05pct_PINN_base_a1_W0_E300_seed_123_run_20260829_101229,Domain_Transfer_MMD,20,30.0,"[10.0, 50.0]",20.0,9.23,"[3.6, 16.7]",0.0,103.1194,456.7618,186.5767,25779.9,4567.6,9328.8,13225.4,248.8193,248.82,-916691.055,-54391.972
MLP_Xiong,xiong_train_05pct_PINN_base_a1_W0_E300_seed_123_run_20260829_101229,Physics_TTA,20,10.0,"[0.0, 25.0]",20.0,3.64,"[0.0, 8.3]",0.0,103.4103,459.5658,187.057,25852.6,4595.7,9352.9,13267.0,250.0111,250.0118,-921870.475,-54672.379
MLP_Xiong,xiong_train_05pct_PINN_base_a1_W0_E300_seed_42_run_20260830_023407,Real_Only_Scratch,20,40.0,"[20.0, 65.0]",30.0,29.33,"[13.9, 45.0]",0.227,0.2179,2.2654,1.2201,54.5,22.7,61.0,46.0,1.2345,1.3958,-3.895,-1.937
MLP_Xiong,xiong_train_05pct_PINN_base_a1_W0_E300_seed_42_run_20260830_023407,Source_Only_ZeroShot,20,20.0,"[5.0, 40.0]",20.0,6.67,"[1.9, 14.3]",0.0,96.4134,3039.2646,106.585,24103.4,30392.6,5329.3,19941.8,1080.7544,1093.7574,-811154.111,-22302.851
MLP_Xiong,xiong_train_05pct_PINN_base_a1_W0_E300_seed_42_run_20260830_023407,FewShot_PEFT,20,10.0,"[0.0, 25.0]",10.0,3.64,"[0.0, 8.7]",-0.297,96.1633,3035.9087,106.1333,24040.8,30359.1,5306.7,19902.2,1079.4017,1092.4224,-806986.11,-22149.237
MLP_Xiong,xiong_train_05pct_PINN_base_a1_W0_E300_seed_42_run_20260830_023407,Domain_Transfer_MMD,20,30.0,"[10.0, 50.0]",20.0,10.0,"[4.2, 16.7]",0.054,95.0697,3037.187,105.0919,23767.4,30371.9,5254.6,19798.0,1079.1162,1092.2342,-788278.755,-21867.311
MLP_Xiong,xiong_train_05pct_PINN_base_a1_W0_E300_seed_42_run_20260830_023407,Physics_TTA,20,10.0,"[0.0, 25.0]",20.0,3.64,"[0.0, 8.3]",0.0,96.4937,3038.9421,106.6813,24123.4,30389.4,5334.1,19949.0,1080.7057,1093.7026,-812526.557,-22331.623
MLP_Xiong,xiong_train_05pct_PINN_base_a1_W0_E300_seed_456_run_20260829_114928,Real_Only_Scratch,20,40.0,"[20.0, 65.0]",30.0,29.33,"[13.9, 45.0]",0.227,0.2044,2.9847,1.0374,51.1,29.8,51.9,44.3,1.4088,1.6729,-4.156,-1.517
MLP_Xiong,xiong_train_05pct_PINN_base_a1_W0_E300_seed_456_run_20260829_114928,Source_Only_ZeroShot,20,10.0,"[0.0, 25.0]",20.0,3.64,"[0.0, 8.3]",0.0,55.4018,437.2284,84.0559,13850.5,4372.3,4202.8,7475.2,192.2287,192.2768,-265017.818,-11062.178
MLP_Xiong,xiong_train_05pct_PINN_base_a1_W0_E300_seed_456_run_20260829_114928,FewShot_PEFT,20,30.0,"[10.0, 50.0]",20.0,9.23,"[3.6, 16.7]",0.0,55.1638,434.099,83.5802,13791.0,4341.0,4179.0,7437.0,190.9477,190.9959,-262748.009,-10937.491
MLP_Xiong,xiong_train_05pct_PINN_base_a1_W0_E300_seed_456_run_20260829_114928,Domain_Transfer_MMD,20,20.0,"[5.0, 40.0]",26.67,11.98,"[2.2, 22.6]",0.094,54.3384,435.2133,82.2219,13584.6,4352.1,4111.1,7349.3,190.5912,190.6625,-255160.638,-10596.161
MLP_Xiong,xiong_train_05pct_PINN_base_a1_W0_E300_seed_456_run_20260829_114928,Physics_TTA,20,10.0,"[0.0, 25.0]",20.0,3.64,"[0.0, 8.3]",0.0,55.4567,436.9279,84.1528,13864.2,4369.3,4207.6,7480.4,192.1791,192.2264,-265534.035,-11087.246
MLP_Xiong,xiong_train_05pct_PINN_base_a1_W0_E300_seed_789_run_20260829_180550,Real_Only_Scratch,20,40.0,"[20.0, 65.0]",30.0,29.33,"[13.9, 45.0]",0.227,0.2129,3.2424,1.0878,53.2,32.4,54.4,46.7,1.5143,1.7283,-4.608,-1.57
MLP_Xiong,xiong_train_05pct_PINN_base_a1_W0_E300_seed_789_run_20260829_180550,Source_Only_ZeroShot,20,10.0,"[0.0, 25.0]",20.0,3.64,"[0.0, 8.3]",0.0,46.6356,816.242,268.2052,11658.9,8162.4,13410.3,11077.2,377.0276,377.028,-187489.439,-112396.922
MLP_Xiong,xiong_train_05pct_PINN_base_a1_W0_E300_seed_789_run_20260829_180550,FewShot_PEFT,20,30.0,"[10.0, 50.0]",20.0,9.23,"[3.6, 16.7]",0.0,46.3806,812.8412,267.6935,11595.2,8128.4,13384.7,11036.1,375.6384,375.6389,-185444.957,-111968.467
MLP_Xiong,xiong_train_05pct_PINN_base_a1_W0_E300_seed_789_run_20260829_180550,Domain_Transfer_MMD,20,10.0,"[0.0, 25.0]",20.0,3.64,"[0.0, 8.3]",0.0,46.3803,812.838,267.6908,11595.1,8128.4,13384.5,11036.0,375.6364,375.6368,-185442.217,-111966.176
MLP_Xiong,xiong_train_05pct_PINN_base_a1_W0_E300_seed_789_run_20260829_180550,Physics_TTA,20,10.0,"[0.0, 25.0]",20.0,3.64,"[0.0, 8.3]",0.0,46.6543,815.9918,268.2425,11663.6,8159.9,13412.1,11078.5,376.9629,376.9633,-187640.02,-112428.216
MLP_Xiong,xiong_train_07pct_PINN_base_a1_W0_E300_seed_42_run_20260830_032558,Real_Only_Scratch,20,40.0,"[20.0, 65.0]",30.0,29.33,"[13.9, 45.0]",0.227,0.2305,2.7008,1.1905,57.6,27.0,59.5,48.0,1.3739,1.5996,-4.727,-1.851
MLP_Xiong,xiong_train_07pct_PINN_base_a1_W0_E300_seed_42_run_20260830_032558,Source_Only_ZeroShot,20,30.0,"[10.0, 50.0]",20.0,9.23,"[3.6, 16.7]",0.0,49.618,608.6594,197.28,12404.5,6086.6,9864.0,9451.7,285.1858,285.1864,-212236.854,-60811.545
MLP_Xiong,xiong_train_07pct_PINN_base_a1_W0_E300_seed_42_run_20260830_032558,FewShot_PEFT,20,30.0,"[10.0, 50.0]",20.0,9.23,"[3.6, 16.7]",0.0,49.3632,605.2626,196.7693,12340.8,6052.6,9838.5,9410.6,283.7984,283.799,-210062.401,-60497.092
MLP_Xiong,xiong_train_07pct_PINN_base_a1_W0_E300_seed_42_run_20260830_032558,Domain_Transfer_MMD,20,10.0,"[0.0, 25.0]",20.0,3.64,"[0.0, 8.3]",0.0,49.345,604.6506,196.7446,12336.2,6046.5,9837.2,9406.7,283.58,283.5807,-209907.382,-60481.954
MLP_Xiong,xiong_train_07pct_PINN_base_a1_W0_E300_seed_42_run_20260830_032558,Physics_TTA,20,30.0,"[10.0, 50.0]",20.0,9.23,"[3.6, 16.7]",0.0,49.6358,608.3858,197.3165,12408.9,6083.9,9865.8,9452.9,285.1127,285.1133,-212388.923,-60834.081
MLP_Xiong,xiong_train_10pct_PINN_base_a1_W0_E300_seed_42_run_20260830_134217,Real_Only_Scratch,20,45.0,"[25.0, 70.0]",35.0,33.45,"[17.9, 49.7]",0.301,0.1953,2.7598,1.1338,48.8,27.6,56.7,44.4,1.3629,1.6268,-3.931,-1.601
MLP_Xiong,xiong_train_10pct_PINN_base_a1_W0_E300_seed_42_run_20260830_134217,Source_Only_ZeroShot,20,20.0,"[5.0, 40.0]",20.0,6.67,"[1.9, 14.3]",0.0,1.6956,9.0464,12.6838,423.9,90.5,634.2,382.8,7.8086,7.8292,-248.372,-252.602
MLP_Xiong,xiong_train_10pct_PINN_base_a1_W0_E300_seed_42_run_20260830_134217,FewShot_PEFT,20,10.0,"[0.0, 25.0]",20.0,3.64,"[0.0, 8.3]",0.0,1.5102,8.8912,12.2072,377.6,88.9,610.4,358.9,7.5362,7.5576,-197.058,-234.045
MLP_Xiong,xiong_train_10pct_PINN_base_a1_W0_E300_seed_42_run_20260830_134217,Domain_Transfer_MMD,20,10.0,"[0.0, 25.0]",20.0,3.64,"[0.0, 8.3]",0.0,1.3025,8.5905,10.5247,325.6,85.9,526.2,312.6,6.8059,6.8398,-146.913,-175.113
MLP_Xiong,xiong_train_10pct_PINN_base_a1_W0_E300_seed_42_run_20260830_134217,Physics_TTA,20,10.0,"[0.0, 25.0]",20.0,3.64,"[0.0, 8.3]",0.0,1.6771,9.0335,12.5985,419.3,90.3,629.9,379.8,7.7697,7.7905,-243.01,-249.235
